"filename","loc","nofe","nofeo","nofc","lof","lofmin","lofmax","lofmean","lofstd","nnimax","nnimean","nnistd","uscode","uderiv","udesc","scode","deriv","desc","het","hom","hethom","sdegmean","sdegstd","tdegmean","tdegstd","gotopbgr","gofunbgr","gostrbrl","gostrbrg","goinnbgr","goexpbgr","gostmbgr","gopambgr","goerror","logic","l_and","l_or","l_not","comp","c_lt","c_le","c_gt","c_ge","c_ne","c_eq","arith","a_plus","a_minus","a_mult","a_div","a_mod","a_shiftr","a_shiftl","bit","b_or","b_and"
"unicodedefs.h.xml",25,2,2,1,2,1,1,1,0,1,1,0,0,0,0,0,0,0,2,0,0,0,0,0,0,2,0,0,0,0,0,0,0,0,1,0,0,1,2,2,0,0,0,0,0,0,0,0,0,0,0,0,0,0,0,0
"unicodeobject.c.xml",7019,26,14,13,818,0,358,9.3,39.89,3,1.21,0.45,0,3,0,0,13,0,21,0,5,0,0,0,0,11,44,0,2,29,2,0,0,0,31,17,0,14,1,1,0,0,0,0,0,0,0,0,0,0,0,0,0,0,0,0
"ucnhash.h.xml",12,1,1,1,2,1,1,1,0,1,1,0,0,0,0,0,0,0,1,0,0,0,0,0,0,1,1,0,0,0,0,0,0,0,0,0,0,0,0,0,0,0,0,0,0,0,0,0,0,0,0,0,0,0,0,0
"inffixed.h.xml",84,0,0,0,0,0,0,0,0,0,0,0,0,0,0,0,0,0,0,0,0,0,0,0,0,0,0,0,0,0,0,0,0,0,0,0,0,0,0,0,0,0,0,0,0,0,0,0,0,0,0,0,0,0,0,0
"statement.h.xml",24,0,0,0,0,0,0,0,0,0,0,0,0,0,0,0,0,0,0,0,0,0,0,0,0,0,0,0,0,0,0,0,0,0,0,0,0,0,0,0,0,0,0,0,0,0,0,0,0,0,0,0,0,0,0,0
"unixstuff.c.xml",64,0,0,0,0,0,0,0,0,0,0,0,0,0,0,0,0,0,0,0,0,0,0,0,0,0,0,0,0,0,0,0,0,0,0,0,0,0,0,0,0,0,0,0,0,0,0,0,0,0,0,0,0,0,0,0
"selectmodule.c.xml",1476,33,19,26,1202,1,456,29.32,94.03,2,1.38,0.49,0,3,0,0,18,0,33,0,0,0,0,0,0,18,12,0,1,8,0,2,0,0,33,20,0,13,1,0,0,1,0,0,0,0,0,0,0,0,0,0,0,0,0,0
"MyAppDelegate.h.xml",13,0,0,0,0,0,0,0,0,0,0,0,0,0,0,0,0,0,0,0,0,0,0,0,0,0,0,0,0,0,0,0,0,0,0,0,0,0,0,0,0,0,0,0,0,0,0,0,0,0,0,0,0,0,0,0
"internal.h.xml",28,10,7,7,8,0,2,0.8,0.63,3,1.44,0.73,0,2,0,0,4,0,10,0,0,0,0,0,0,10,0,0,0,0,0,0,0,0,20,7,0,13,0,0,0,0,0,0,0,0,0,0,0,0,0,0,0,0,0,0
"boolobject.h.xml",16,1,1,1,2,1,1,1,0,1,1,0,0,0,0,0,0,0,1,0,0,0,0,0,0,1,1,0,0,0,0,0,0,0,0,0,0,0,0,0,0,0,0,0,0,0,0,0,0,0,0,0,0,0,0,0
"future.c.xml",105,0,0,0,0,0,0,0,0,0,0,0,0,0,0,0,0,0,0,0,0,0,0,0,0,0,0,0,0,0,0,0,0,0,0,0,0,0,0,0,0,0,0,0,0,0,0,0,0,0,0,0,0,0,0,0
"enumobject.h.xml",9,1,1,1,2,1,1,1,0,1,1,0,0,0,0,0,0,0,1,0,0,0,0,0,0,1,1,0,0,0,0,0,0,0,0,0,0,0,0,0,0,0,0,0,0,0,0,0,0,0,0,0,0,0,0,0
"operator.c.xml",615,1,1,1,5,5,5,5,0,1,1,0,0,0,0,0,0,0,1,0,0,0,0,0,0,0,1,0,0,0,0,0,0,0,0,0,0,0,0,0,0,0,0,0,0,0,0,0,0,0,0,0,0,0,0,0
"ffi.h.xml",229,32,6,20,161,0,98,4.88,17.47,4,2.05,0.85,2,0,0,0,23,3,32,0,0,0,0,0,0,1,30,0,2,0,0,0,0,0,103,45,5,53,22,0,0,0,0,2,22,0,0,0,0,0,0,0,0,0,0,0
"cache.h.xml",27,0,0,0,0,0,0,0,0,0,0,0,0,0,0,0,0,0,0,0,0,0,0,0,0,0,0,0,0,0,0,0,0,0,0,0,0,0,0,0,0,0,0,0,0,0,0,0,0,0,0,0,0,0,0,0
"mappings_cn.h.xml",4093,0,0,0,0,0,0,0,0,0,0,0,0,0,0,0,0,0,0,0,0,0,0,0,0,0,0,0,0,0,0,0,0,0,0,0,0,0,0,0,0,0,0,0,0,0,0,0,0,0,0,0,0,0,0,0
"pymacconfig.h.xml",33,5,1,3,22,1,9,3.67,3.27,2,1.8,0.45,0,1,0,0,4,0,5,0,0,0,0,0,0,6,0,0,0,0,0,0,0,0,7,5,0,2,0,0,0,0,0,0,0,0,0,0,0,0,0,0,0,0,0,0
"genobject.h.xml",20,1,1,1,2,1,1,1,0,1,1,0,0,0,0,0,0,0,1,0,0,0,0,0,0,1,1,0,0,0,0,0,0,0,0,0,0,0,0,0,0,0,0,0,0,0,0,0,0,0,0,0,0,0,0,0
"rangeobject.c.xml",247,0,0,0,0,0,0,0,0,0,0,0,0,0,0,0,0,0,0,0,0,0,0,0,0,0,0,0,0,0,0,0,0,0,0,0,0,0,0,0,0,0,0,0,0,0,0,0,0,0,0,0,0,0,0,0
"cgensupport.c.xml",252,0,0,0,0,0,0,0,0,0,0,0,0,0,0,0,0,0,0,0,0,0,0,0,0,0,0,0,0,0,0,0,0,0,0,0,0,0,0,0,0,0,0,0,0,0,0,0,0,0,0,0,0,0,0,0
"_codecsmodule.c.xml",851,3,2,3,679,2,593,75.44,194.38,2,1.43,0.53,0,3,0,0,1,0,1,1,1,0,0,0,0,3,4,0,2,0,0,0,0,0,3,2,0,1,0,0,0,0,0,0,0,0,0,0,0,0,0,0,0,0,0,0
"graminit.c.xml",2142,0,0,0,0,0,0,0,0,0,0,0,0,0,0,0,0,0,0,0,0,0,0,0,0,0,0,0,0,0,0,0,0,0,0,0,0,0,0,0,0,0,0,0,0,0,0,0,0,0,0,0,0,0,0,0
"pyfpe.h.xml",20,3,3,2,12,1,8,3,3.37,1,1,0,0,0,0,0,0,0,3,0,0,0,0,0,0,1,3,0,0,0,0,0,0,0,1,0,0,1,0,0,0,0,0,0,0,0,0,0,0,0,0,0,0,0,0,0
"bytearrayobject.c.xml",2658,3,3,1,26,1,10,6.5,4.04,1,1,0,0,0,0,0,0,0,3,0,0,0,0,0,0,0,4,0,0,0,0,0,0,0,1,0,0,1,0,0,0,0,0,0,0,0,0,0,0,0,0,0,0,0,0,0
"ffi__4.c.xml",169,0,0,0,0,0,0,0,0,0,0,0,0,0,0,0,0,0,0,0,0,0,0,0,0,0,0,0,0,0,0,0,0,0,0,0,0,0,0,0,0,0,0,0,0,0,0,0,0,0,0,0,0,0,0,0
"cursor.h.xml",36,0,0,0,0,0,0,0,0,0,0,0,0,0,0,0,0,0,0,0,0,0,0,0,0,0,0,0,0,0,0,0,0,0,0,0,0,0,0,0,0,0,0,0,0,0,0,0,0,0,0,0,0,0,0,0
"readline.c.xml",719,19,12,14,123,0,43,3.62,7.95,2,1.21,0.41,0,2,0,0,10,0,18,0,1,0,0,0,0,13,9,0,2,8,0,2,0,0,21,13,0,8,0,0,0,0,0,0,0,0,0,0,0,0,0,0,0,0,0,0
"funcobject.h.xml",38,1,1,1,2,1,1,1,0,1,1,0,0,0,0,0,0,0,1,0,0,0,0,0,0,1,1,0,0,0,0,0,0,0,0,0,0,0,0,0,0,0,0,0,0,0,0,0,0,0,0,0,0,0,0,0
"ffitarget__8.h.xml",14,1,1,1,8,8,8,8,0,1,1,0,0,0,0,0,0,0,1,0,0,0,0,0,0,1,0,0,0,0,0,0,0,0,1,0,0,1,0,0,0,0,0,0,0,0,0,0,0,0,0,0,0,0,0,0
"amigaconfig.h.xml",31,0,0,0,0,0,0,0,0,0,0,0,0,0,0,0,0,0,0,0,0,0,0,0,0,0,0,0,0,0,0,0,0,0,0,0,0,0,0,0,0,0,0,0,0,0,0,0,0,0,0,0,0,0,0,0
"getcopyright.c.xml",18,0,0,0,0,0,0,0,0,0,0,0,0,0,0,0,0,0,0,0,0,0,0,0,0,0,0,0,0,0,0,0,0,0,0,0,0,0,0,0,0,0,0,0,0,0,0,0,0,0,0,0,0,0,0,0
"iterobject.c.xml",195,0,0,0,0,0,0,0,0,0,0,0,0,0,0,0,0,0,0,0,0,0,0,0,0,0,0,0,0,0,0,0,0,0,0,0,0,0,0,0,0,0,0,0,0,0,0,0,0,0,0,0,0,0,0,0
"_Icnmodule.c.xml",1454,63,1,63,1314,1,1122,19.91,138.57,2,1.94,0.24,0,0,0,0,62,0,63,0,0,0,0,0,0,1,64,0,1,0,0,0,0,0,187,62,0,125,0,0,0,0,0,0,0,0,0,0,0,0,0,0,0,0,0,0
"weakrefobject.c.xml",689,0,0,0,0,0,0,0,0,0,0,0,0,0,0,0,0,0,0,0,0,0,0,0,0,0,0,0,0,0,0,0,0,0,0,0,0,0,0,0,0,0,0,0,0,0,0,0,0,0,0,0,0,0,0,0
"myreadline.c.xml",144,9,8,5,36,1,7,2.4,2.13,2,1.15,0.38,0,0,0,0,1,0,9,0,0,0,0,0,0,3,3,0,0,6,0,0,0,3,5,1,0,4,0,0,0,0,0,0,0,0,0,0,0,0,0,0,0,0,0,0
"getpathp__1.c.xml",258,9,7,5,10,0,1,0.91,0.3,2,1.14,0.38,0,0,0,0,2,0,9,0,0,0,0,0,0,5,4,0,0,2,0,0,0,0,11,2,0,9,0,0,0,0,0,0,0,0,0,0,0,0,0,0,0,0,0,0
"bsddbmodule.c.xml",738,7,7,5,59,1,6,2.68,1.94,1,1,0,0,3,0,0,2,0,3,3,1,0,0,0,0,7,5,2,1,7,0,0,0,0,5,2,0,3,0,0,0,0,0,0,0,0,0,0,0,0,0,0,0,0,0,0
"atof.c.xml",41,0,0,0,0,0,0,0,0,0,0,0,0,0,0,0,0,0,0,0,0,0,0,0,0,0,0,0,0,0,0,0,0,0,0,0,0,0,0,0,0,0,0,0,0,0,0,0,0,0,0,0,0,0,0,0
"unicodeobject.h.xml",663,19,2,12,627,0,384,29.86,84.8,3,2.18,0.53,0,2,0,0,17,0,19,0,0,0,0,0,0,18,3,0,0,0,0,0,0,0,72,25,0,47,5,0,0,0,4,0,1,0,0,0,0,0,0,0,0,0,0,0
"cmathmodule.c.xml",838,5,5,3,5,1,1,1,0,1,1,0,0,1,0,0,2,0,5,0,0,0,0,0,0,5,0,0,0,0,0,0,0,0,7,2,0,5,3,0,0,0,0,2,3,0,0,0,0,0,0,0,0,0,0,0
"tokenizer_pgen.c.xml",3,0,0,0,0,0,0,0,0,0,0,0,0,0,0,0,0,0,0,0,0,0,0,0,0,0,0,0,0,0,0,0,0,0,0,0,0,0,0,0,0,0,0,0,0,0,0,0,0,0,0,0,0,0,0,0
"metagrammar.h.xml",13,1,1,1,2,1,1,1,0,1,1,0,0,0,0,0,0,0,1,0,0,0,0,0,0,1,1,0,0,0,0,0,0,0,0,0,0,0,0,0,0,0,0,0,0,0,0,0,0,0,0,0,0,0,0,0
"noddy2.c.xml",153,1,1,1,1,1,1,1,0,1,1,0,0,0,0,0,0,0,1,0,0,0,0,0,0,1,0,0,0,0,0,0,0,0,1,0,0,1,0,0,0,0,0,0,0,0,0,0,0,0,0,0,0,0,0,0
"ffitarget__7.h.xml",27,6,4,4,14,1,9,2.33,3.27,2,1.25,0.5,1,0,0,1,2,0,6,0,0,0,0,0,0,4,0,0,2,0,0,0,0,0,8,2,1,5,0,0,0,0,0,0,0,0,0,0,0,0,0,0,0,0,0,0
"getpath_riscos.c.xml",47,0,0,0,0,0,0,0,0,0,0,0,0,0,0,0,0,0,0,0,0,0,0,0,0,0,0,0,0,0,0,0,0,0,0,0,0,0,0,0,0,0,0,0,0,0,0,0,0,0,0,0,0,0,0,0
"mappings_kr.h.xml",3246,0,0,0,0,0,0,0,0,0,0,0,0,0,0,0,0,0,0,0,0,0,0,0,0,0,0,0,0,0,0,0,0,0,0,0,0,0,0,0,0,0,0,0,0,0,0,0,0,0,0,0,0,0,0,0
"ffitarget__18.h.xml",14,1,1,1,8,8,8,8,0,1,1,0,0,0,0,0,0,0,1,0,0,0,0,0,0,1,0,0,0,0,0,0,0,0,1,0,0,1,0,0,0,0,0,0,0,0,0,0,0,0,0,0,0,0,0,0
"stropmodule.c.xml",1014,0,0,0,0,0,0,0,0,0,0,0,0,0,0,0,0,0,0,0,0,0,0,0,0,0,0,0,0,0,0,0,0,0,0,0,0,0,0,0,0,0,0,0,0,0,0,0,0,0,0,0,0,0,0,0
"zutil.h.xml",191,55,31,48,70,0,9,1.27,1.43,3,1.5,0.66,5,5,3,4,19,10,55,0,0,0,0,0,0,55,0,0,0,0,0,0,0,0,118,53,20,45,10,0,0,4,4,6,2,0,0,0,0,0,0,0,0,0,0,0
"md5module.c.xml",219,0,0,0,0,0,0,0,0,0,0,0,0,0,0,0,0,0,0,0,0,0,0,0,0,0,0,0,0,0,0,0,0,0,0,0,0,0,0,0,0,0,0,0,0,0,0,0,0,0,0,0,0,0,0,0
"ffitarget.h.xml",14,4,2,4,6,1,2,1.5,0.58,2,1.67,0.58,0,0,0,0,3,0,4,0,0,0,0,0,0,4,0,0,0,0,0,0,0,0,8,4,0,4,0,0,0,0,0,0,0,0,0,0,0,0,0,0,0,0,0,0
"sliceobject.h.xml",23,1,1,1,2,1,1,1,0,1,1,0,0,0,0,0,0,0,1,0,0,0,0,0,0,1,1,0,0,0,0,0,0,0,0,0,0,0,0,0,0,0,0,0,0,0,0,0,0,0,0,0,0,0,0,0
"asdl.c.xml",48,0,0,0,0,0,0,0,0,0,0,0,0,0,0,0,0,0,0,0,0,0,0,0,0,0,0,0,0,0,0,0,0,0,0,0,0,0,0,0,0,0,0,0,0,0,0,0,0,0,0,0,0,0,0,0
"pystrtod.c.xml",257,0,0,0,0,0,0,0,0,0,0,0,0,0,0,0,0,0,0,0,0,0,0,0,0,0,0,0,0,0,0,0,0,0,0,0,0,0,0,0,0,0,0,0,0,0,0,0,0,0,0,0,0,0,0,0
"microprotocols.h.xml",14,0,0,0,0,0,0,0,0,0,0,0,0,0,0,0,0,0,0,0,0,0,0,0,0,0,0,0,0,0,0,0,0,0,0,0,0,0,0,0,0,0,0,0,0,0,0,0,0,0,0,0,0,0,0,0
"main.c.xml",491,21,17,12,60,0,14,2.07,2.59,2,1.14,0.36,2,1,1,1,1,5,21,0,0,0,0,0,0,8,11,0,0,10,0,0,0,0,32,10,6,16,0,0,0,0,0,0,0,0,0,0,0,0,0,0,0,0,0,0
"dynload_shlib.c.xml",117,16,10,9,29,0,4,1.53,1.17,3,1.42,0.67,0,3,1,0,7,2,16,0,0,0,0,0,0,7,2,0,8,2,0,0,0,0,34,16,2,16,1,1,0,0,0,0,0,0,0,0,0,0,0,0,0,0,0,0
"longintrepr.h.xml",27,2,2,2,3,1,1,1,0,1,1,0,0,0,0,0,0,0,2,0,0,0,0,0,0,1,2,0,0,0,0,0,0,0,1,0,0,1,0,0,0,0,0,1,0,1,0,0,0,0,1,0,0,0,0,0
"dynload_os2.c.xml",35,0,0,0,0,0,0,0,0,0,0,0,0,0,0,0,0,0,0,0,0,0,0,0,0,0,0,0,0,0,0,0,0,0,0,0,0,0,0,0,0,0,0,0,0,0,0,0,0,0,0,0,0,0,0,0
"_Qdmodule.c.xml",6335,333,1,331,5654,1,4727,16.78,258.98,2,1.99,0.12,0,0,0,0,332,0,333,0,0,0,0,0,0,3,333,0,1,0,0,0,0,0,995,332,0,663,0,0,0,0,0,0,0,0,0,0,0,0,0,0,0,0,0,0
"python.c.xml",13,1,1,1,4,1,3,2,1.41,1,1,0,0,0,0,0,0,0,1,0,0,0,0,0,0,1,1,0,0,0,0,0,0,0,0,0,0,0,0,0,0,0,0,0,0,0,0,0,0,0,0,0,0,0,0,0
"imageop.c.xml",643,5,3,3,6,0,2,1.2,0.84,2,1.33,0.58,0,0,0,0,2,0,5,0,0,0,0,0,0,5,0,0,0,0,0,0,0,0,6,2,0,4,6,0,0,0,0,0,6,0,0,0,0,0,0,0,0,0,0,0
"rotatingtree.h.xml",14,0,0,0,0,0,0,0,0,0,0,0,0,0,0,0,0,0,0,0,0,0,0,0,0,0,0,0,0,0,0,0,0,0,0,0,0,0,0,0,0,0,0,0,0,0,0,0,0,0,0,0,0,0,0,0
"_Qtmodule.c.xml",25505,1145,1,1145,23199,1,20273,20.19,600.08,2,2,0.06,0,0,0,0,1144,0,1144,1,0,0,0,0,0,2,1146,0,1,0,0,0,0,0,3432,1144,0,2288,0,0,0,0,0,0,0,0,0,0,0,0,0,0,0,0,0,0
"_Dragmodule.c.xml",995,36,2,34,912,1,842,22.8,132.87,2,1.92,0.27,0,0,0,0,34,0,36,0,0,0,0,0,0,5,35,0,0,0,0,0,0,0,103,34,0,69,0,0,0,0,0,0,0,0,0,0,0,0,0,0,0,0,0,0
"iasciitab.h.xml",33,0,0,0,0,0,0,0,0,0,0,0,0,0,0,0,0,0,0,0,0,0,0,0,0,0,0,0,0,0,0,0,0,0,0,0,0,0,0,0,0,0,0,0,0,0,0,0,0,0,0,0,0,0,0,0
"dl_nt.c.xml",21,1,1,1,16,16,16,16,0,1,1,0,0,0,0,0,0,0,1,0,0,0,0,0,0,1,0,0,0,0,0,0,0,0,0,0,0,0,0,0,0,0,0,0,0,0,0,0,0,0,0,0,0,0,0,0
"future_builtins.c.xml",64,0,0,0,0,0,0,0,0,0,0,0,0,0,0,0,0,0,0,0,0,0,0,0,0,0,0,0,0,0,0,0,0,0,0,0,0,0,0,0,0,0,0,0,0,0,0,0,0,0,0,0,0,0,0,0
"_localemodule.c.xml",600,23,11,22,302,1,71,9.44,18.88,2,1.42,0.5,2,0,0,3,12,0,23,0,0,0,0,0,0,12,5,0,15,0,0,0,0,0,20,12,3,5,0,0,0,0,0,0,0,0,0,0,0,0,0,0,0,0,0,0
"cPickle.c.xml",4326,5,5,5,155,1,86,12.92,23.67,1,1,0,0,0,0,0,0,0,4,0,1,0,0,0,0,6,1,0,0,4,1,0,0,0,3,0,0,3,1,0,0,1,0,0,0,0,0,0,0,0,0,0,0,0,0,0
"bufferobject.c.xml",686,0,0,0,0,0,0,0,0,0,0,0,0,0,0,0,0,0,0,0,0,0,0,0,0,0,0,0,0,0,0,0,0,0,0,0,0,0,0,0,0,0,0,0,0,0,0,0,0,0,0,0,0,0,0,0
"binascii.c.xml",943,2,2,1,80,1,68,26.67,36.14,1,1,0,0,0,0,0,0,0,2,0,0,0,0,0,0,3,0,0,0,0,0,0,0,0,1,0,0,1,0,0,0,0,0,0,0,0,0,0,0,0,0,0,0,0,0,0
"fileobject.c.xml",2053,52,42,30,352,0,102,5.25,13.58,3,1.15,0.42,0,7,1,0,28,1,52,0,0,0,0,0,0,8,45,0,1,13,0,0,0,0,165,77,1,87,27,5,0,0,22,6,0,0,0,0,0,0,0,0,0,0,0,0
"timefuncs.h.xml",8,1,1,1,2,1,1,1,0,1,1,0,0,0,0,0,0,0,1,0,0,0,0,0,0,1,1,0,0,0,0,0,0,0,0,0,0,0,0,0,0,0,0,0,0,0,0,0,0,0,0,0,0,0,0,0
"alg_jisx0201.h.xml",7,0,0,0,0,0,0,0,0,0,0,0,0,0,0,0,0,0,0,0,0,0,0,0,0,0,0,0,0,0,0,0,0,0,0,0,0,0,0,0,0,0,0,0,0,0,0,0,0,0,0,0,0,0,0,0
"demo.c.xml",30,0,0,0,0,0,0,0,0,0,0,0,0,0,0,0,0,0,0,0,0,0,0,0,0,0,0,0,0,0,0,0,0,0,0,0,0,0,0,0,0,0,0,0,0,0,0,0,0,0,0,0,0,0,0,0
"cobject.c.xml",123,0,0,0,0,0,0,0,0,0,0,0,0,0,0,0,0,0,0,0,0,0,0,0,0,0,0,0,0,0,0,0,0,0,0,0,0,0,0,0,0,0,0,0,0,0,0,0,0,0,0,0,0,0,0,0
"ppc-ffi_darwin.c.xml",1122,16,1,6,1031,0,512,17.47,76.7,3,2.13,0.43,1,0,0,1,0,15,13,2,1,0,0,0,0,8,12,0,0,36,3,0,0,0,55,24,16,15,0,0,0,0,0,4,0,0,0,0,0,0,0,0,0,0,0,0
"frozen_dllmain.c.xml",58,0,0,0,0,0,0,0,0,0,0,0,0,0,0,0,0,0,0,0,0,0,0,0,0,0,0,0,0,0,0,0,0,0,0,0,0,0,0,0,0,0,0,0,0,0,0,0,0,0,0,0,0,0,0,0
"_Sndihooks.c.xml",378,0,0,0,0,0,0,0,0,0,0,0,0,0,0,0,0,0,0,0,0,0,0,0,0,0,0,0,0,0,0,0,0,0,0,0,0,0,0,0,0,0,0,0,0,0,0,0,0,0,0,0,0,0,0,0
"uncompr.c.xml",31,0,0,0,0,0,0,0,0,0,0,0,0,0,0,0,0,0,0,0,0,0,0,0,0,0,0,0,0,0,0,0,0,0,0,0,0,0,0,0,0,0,0,0,0,0,0,0,0,0,0,0,0,0,0,0
"OSATerminology.c.xml",74,1,1,1,58,8,50,29,29.7,1,1,0,0,0,0,0,0,0,1,0,0,0,0,0,0,1,0,0,1,0,0,0,0,0,1,0,0,1,0,0,0,0,0,0,0,0,0,0,0,0,0,0,0,0,0,0
"fmmodule.c.xml",206,1,1,0,4,1,3,2,1.41,1,1,0,0,0,0,0,0,0,1,0,0,0,0,0,0,1,0,0,1,0,0,0,0,0,0,0,0,0,0,0,0,0,0,0,0,0,0,0,0,0,0,0,0,0,0,0
"_codecs_tw.c.xml",86,0,0,0,0,0,0,0,0,0,0,0,0,0,0,0,0,0,0,0,0,0,0,0,0,0,0,0,0,0,0,0,0,0,0,0,0,0,0,0,0,0,0,0,0,0,0,0,0,0,0,0,0,0,0,0
"getmtime_riscos.c.xml",15,0,0,0,0,0,0,0,0,0,0,0,0,0,0,0,0,0,0,0,0,0,0,0,0,0,0,0,0,0,0,0,0,0,0,0,0,0,0,0,0,0,0,0,0,0,0,0,0,0,0,0,0,0,0,0
"ffi__5.c.xml",171,2,2,1,14,1,8,4.67,3.51,1,1,0,0,0,0,0,0,0,2,0,0,0,0,0,0,0,3,0,0,0,0,0,0,0,1,0,0,1,0,0,0,0,0,0,0,0,0,0,0,0,0,0,0,0,0,0
"posixmodule.c.xml",7178,584,219,462,5102,0,473,6.71,26.57,6,1.59,0.66,12,32,5,8,348,44,583,0,1,0,0,0,0,146,257,4,326,9,0,6,4,8,839,529,69,241,7,0,0,4,1,1,2,0,0,0,0,0,0,0,0,0,0,0
"pystate.c.xml",403,10,5,8,118,0,73,5.9,16.07,2,1.29,0.47,0,1,0,0,6,0,10,0,0,0,0,0,0,6,6,0,0,8,0,0,0,0,9,6,0,3,0,0,0,0,0,0,0,0,0,0,0,0,0,0,0,0,0,0
"pystrcmp.h.xml",16,3,3,3,6,1,2,1.5,0.58,1,1,0,1,0,0,2,0,0,3,0,0,0,0,0,0,1,3,0,0,0,0,0,0,0,3,0,2,1,0,0,0,0,0,0,0,0,0,0,0,0,0,0,0,0,0,0
"cellobject.h.xml",18,1,1,1,2,1,1,1,0,1,1,0,0,0,0,0,0,0,1,0,0,0,0,0,0,1,1,0,0,0,0,0,0,0,0,0,0,0,0,0,0,0,0,0,0,0,0,0,0,0,0,0,0,0,0,0
"descrobject.h.xml",64,1,1,1,2,1,1,1,0,1,1,0,0,0,0,0,0,0,1,0,0,0,0,0,0,1,1,0,0,0,0,0,0,0,0,0,0,0,0,0,0,0,0,0,0,0,0,0,0,0,0,0,0,0,0,0
"pyconfig__3.h.xml",81,3,3,3,3,0,2,1,1,1,1,0,0,0,0,0,0,0,3,0,0,0,0,0,0,3,0,0,0,0,0,0,0,0,1,0,0,1,0,0,0,0,0,0,0,0,0,0,0,0,0,0,0,0,0,0
"timemodule.c.xml",783,50,29,32,345,0,77,6.05,12.01,3,1.43,0.64,0,9,0,0,34,0,50,0,0,0,0,0,0,24,25,2,4,2,0,0,0,0,215,111,0,104,1,0,0,0,1,0,0,0,0,0,0,0,0,0,0,0,0,0
"testcapi_long.h.xml",112,0,0,0,0,0,0,0,0,0,0,0,0,0,0,0,0,0,0,0,0,0,0,0,0,0,0,0,0,0,0,0,0,0,0,0,0,0,0,0,0,0,0,0,0,0,0,0,0,0,0,0,0,0,0,0
"gestaltmodule.c.xml",23,0,0,0,0,0,0,0,0,0,0,0,0,0,0,0,0,0,0,0,0,0,0,0,0,0,0,0,0,0,0,0,0,0,0,0,0,0,0,0,0,0,0,0,0,0,0,0,0,0,0,0,0,0,0,0
"cStringIO.c.xml",588,1,1,1,1,1,1,1,0,1,1,0,0,0,0,0,0,0,1,0,0,0,0,0,0,1,0,0,0,0,0,0,0,0,1,0,0,1,0,0,0,0,0,0,0,0,0,0,0,0,0,0,0,0,0,0
"pyarena.c.xml",132,1,1,1,16,0,5,3.2,2.17,1,1,0,0,0,0,0,0,0,1,0,0,0,0,0,0,0,3,0,1,1,0,0,0,0,0,0,0,0,0,0,0,0,0,0,0,0,0,0,0,0,0,0,0,0,0,0
"_struct.c.xml",1737,16,13,8,309,1,47,6.87,9.09,2,1.09,0.29,0,0,0,0,3,0,13,1,2,0,0,0,0,12,19,0,5,9,0,0,0,0,10,3,0,7,6,2,0,2,0,1,2,0,0,0,0,0,0,0,0,0,0,0
"object.h.xml",409,14,14,8,51,1,10,2.83,2.55,1,1,0,0,2,0,0,2,0,14,0,0,0,0,0,0,13,4,0,1,0,0,0,0,0,9,2,0,7,0,0,0,0,0,0,0,0,0,0,0,0,0,0,0,0,0,0
"doscript.h.xml",3,0,0,0,0,0,0,0,0,0,0,0,0,0,0,0,0,0,0,0,0,0,0,0,0,0,0,0,0,0,0,0,0,0,0,0,0,0,0,0,0,0,0,0,0,0,0,0,0,0,0,0,0,0,0,0
"descrobject.c.xml",1112,0,0,0,0,0,0,0,0,0,0,0,0,0,0,0,0,0,0,0,0,0,0,0,0,0,0,0,0,0,0,0,0,0,0,0,0,0,0,0,0,0,0,0,0,0,0,0,0,0,0,0,0,0,0,0
"win32.c.xml",101,0,0,0,0,0,0,0,0,0,0,0,0,0,0,0,0,0,0,0,0,0,0,0,0,0,0,0,0,0,0,0,0,0,0,0,0,0,0,0,0,0,0,0,0,0,0,0,0,0,0,0,0,0,0,0
"glmodule.c.xml",5784,2,2,1,12,1,6,4,2.65,1,1,0,0,0,0,0,0,0,2,0,0,0,0,0,0,1,2,0,0,0,0,0,0,0,0,0,0,0,0,0,0,0,0,0,0,0,0,0,0,0,0,0,0,0,0,0
"ascii.h.xml",79,0,0,0,0,0,0,0,0,0,0,0,0,0,0,0,0,0,0,0,0,0,0,0,0,0,0,0,0,0,0,0,0,0,0,0,0,0,0,0,0,0,0,0,0,0,0,0,0,0,0,0,0,0,0,0
"crc32.h.xml",435,1,1,1,378,378,378,378,0,1,1,0,0,0,0,0,0,0,1,0,0,0,0,0,0,0,0,0,1,0,0,0,0,0,0,0,0,0,0,0,0,0,0,0,0,0,0,0,0,0,0,0,0,0,0,0
"intobject.h.xml",36,3,3,3,4,1,1,1,0,1,1,0,0,0,0,0,0,0,3,0,0,0,0,0,0,1,3,0,0,0,0,0,0,0,0,0,0,0,0,0,0,0,0,0,0,0,0,0,0,0,0,0,0,0,0,0
"ffi__7.c.xml",396,4,4,4,51,1,7,2.43,2.16,1,1,0,0,0,0,0,0,0,3,0,1,0,0,0,0,4,6,0,0,7,4,0,0,0,2,0,0,2,0,0,0,0,0,1,0,0,0,0,0,0,0,0,0,0,0,0
"ffi__13.c.xml",167,3,2,2,3,0,2,1,1,2,1.5,0.71,0,0,0,0,1,0,3,0,0,0,0,0,0,3,0,0,0,0,0,0,0,0,3,1,0,2,0,0,0,0,0,1,0,0,0,0,0,0,0,0,0,0,0,0
"pythonrun.c.xml",1426,24,20,20,121,0,27,3.1,5.09,2,1.11,0.32,0,4,0,0,5,0,24,0,0,0,0,0,0,9,30,0,0,0,0,0,0,0,14,8,0,6,1,0,0,0,1,0,0,0,0,0,0,0,0,0,0,0,0,0
"dlfcn__1.h.xml",5,0,0,0,0,0,0,0,0,0,0,0,0,0,0,0,0,0,0,0,0,0,0,0,0,0,0,0,0,0,0,0,0,0,0,0,0,0,0,0,0,0,0,0,0,0,0,0,0,0,0,0,0,0,0,0
"grammar.h.xml",58,1,1,1,2,1,1,1,0,1,1,0,0,0,0,0,0,0,1,0,0,0,0,0,0,1,1,0,0,0,0,0,0,0,0,0,0,0,0,0,0,0,0,0,0,0,0,0,0,0,0,0,0,0,0,0
"linuxaudiodev.c.xml",389,6,4,5,7,1,2,1.17,0.41,2,1.5,0.58,0,0,0,0,3,0,6,0,0,0,0,0,0,6,0,0,0,0,0,0,0,0,9,4,0,5,0,0,0,0,0,0,0,0,0,0,0,0,0,0,0,0,0,0
"boolobject.c.xml",157,0,0,0,0,0,0,0,0,0,0,0,0,0,0,0,0,0,0,0,0,0,0,0,0,0,0,0,0,0,0,0,0,0,0,0,0,0,0,0,0,0,0,0,0,0,0,0,0,0,0,0,0,0,0,0
"nametab.h.xml",150,0,0,0,0,0,0,0,0,0,0,0,0,0,0,0,0,0,0,0,0,0,0,0,0,0,0,0,0,0,0,0,0,0,0,0,0,0,0,0,0,0,0,0,0,0,0,0,0,0,0,0,0,0,0,0
"ffitarget__5.h.xml",20,4,3,3,10,1,6,2.5,2.38,2,1.33,0.58,0,0,0,0,1,0,4,0,0,0,0,0,0,3,0,0,1,0,0,0,0,0,4,1,0,3,0,0,0,0,0,0,0,0,0,0,0,0,0,0,0,0,0,0
"Python.h.xml",120,18,18,18,18,1,1,1,0,1,1,0,0,3,0,0,3,0,18,0,0,0,0,0,0,18,0,0,0,0,0,0,0,0,17,5,0,12,0,0,0,0,0,1,0,0,0,0,0,0,0,0,0,0,0,0
"pystate.h.xml",90,6,6,5,7,1,1,1,0,1,1,0,0,0,0,0,0,0,6,0,0,0,0,0,0,1,4,0,2,0,0,0,0,0,1,0,0,1,0,0,0,0,0,0,0,0,0,0,0,0,0,0,0,0,0,0
"ffitarget__6.h.xml",36,6,3,4,16,1,7,2.67,2.25,2,1.6,0.55,0,0,0,0,3,0,6,0,0,0,0,0,0,3,0,0,3,0,0,0,0,0,8,3,0,5,0,0,0,0,0,0,0,0,0,0,0,0,0,0,0,0,0,0
"syslogmodule.c.xml",133,6,6,6,6,1,1,1,0,1,1,0,0,0,0,0,0,0,6,0,0,0,0,0,0,0,6,0,0,0,0,0,0,0,4,0,0,4,0,0,0,0,0,0,0,0,0,0,0,0,0,0,0,0,0,0
"ffi__16.c.xml",897,7,7,4,179,1,46,8.52,10.9,1,1,0,0,0,0,0,0,0,6,0,1,0,0,0,0,3,2,0,0,15,1,0,0,0,8,0,0,8,0,0,0,0,0,1,0,0,0,0,0,0,0,0,0,0,0,0
"spwdmodule.c.xml",143,4,4,3,102,1,58,17,22.42,1,1,0,1,0,0,1,0,0,4,0,0,0,0,0,0,4,0,0,2,0,0,0,0,0,1,0,1,0,0,0,0,0,0,0,0,0,0,0,0,0,0,0,0,0,0,0
"stringobject.h.xml",94,1,1,1,2,1,1,1,0,1,1,0,0,0,0,0,0,0,1,0,0,0,0,0,0,1,1,0,0,0,0,0,0,0,0,0,0,0,0,0,0,0,0,0,0,0,0,0,0,0,0,0,0,0,0,0
"traceback.h.xml",20,1,1,1,2,1,1,1,0,1,1,0,0,0,0,0,0,0,1,0,0,0,0,0,0,1,1,0,0,0,0,0,0,0,0,0,0,0,0,0,0,0,0,0,0,0,0,0,0,0,0,0,0,0,0,0
"importexc.c.xml",12,0,0,0,0,0,0,0,0,0,0,0,0,0,0,0,0,0,0,0,0,0,0,0,0,0,0,0,0,0,0,0,0,0,0,0,0,0,0,0,0,0,0,0,0,0,0,0,0,0,0,0,0,0,0,0
"tupleobject.h.xml",25,1,1,1,2,1,1,1,0,1,1,0,0,0,0,0,0,0,1,0,0,0,0,0,0,1,1,0,0,0,0,0,0,0,0,0,0,0,0,0,0,0,0,0,0,0,0,0,0,0,0,0,0,0,0,0
"timing.h.xml",17,4,2,2,4,0,2,1,0.82,2,1.5,0.71,0,0,0,0,2,0,4,0,0,0,0,0,0,4,0,0,0,0,0,0,0,0,6,2,0,4,0,0,0,0,0,0,0,0,0,0,0,0,0,0,0,0,0,0
"_lsprof.c.xml",716,12,7,7,57,1,16,4.38,5.92,2,1.38,0.52,0,1,0,0,5,0,12,0,0,0,0,0,0,6,4,0,0,3,0,0,0,0,21,7,0,14,0,0,0,0,0,0,0,0,0,0,0,0,0,0,0,0,0,0
"grammar1.c.xml",39,2,2,0,9,3,6,4.5,2.12,1,1,0,0,0,0,0,0,0,2,0,0,0,0,0,0,0,2,0,0,0,0,0,0,0,1,0,0,1,0,0,0,0,0,0,0,0,0,0,0,0,0,0,0,0,0,0
"latin1tab.h.xml",33,0,0,0,0,0,0,0,0,0,0,0,0,0,0,0,0,0,0,0,0,0,0,0,0,0,0,0,0,0,0,0,0,0,0,0,0,0,0,0,0,0,0,0,0,0,0,0,0,0,0,0,0,0,0,0
"msisupport.c.xml",62,0,0,0,0,0,0,0,0,0,0,0,0,0,0,0,0,0,0,0,0,0,0,0,0,0,0,0,0,0,0,0,0,0,0,0,0,0,0,0,0,0,0,0,0,0,0,0,0,0,0,0,0,0,0,0
"cfield.c.xml",1354,40,29,17,405,0,79,6.23,15.37,2,1.15,0.37,0,2,0,0,18,0,40,0,0,0,0,0,0,19,14,0,13,9,2,0,8,0,59,26,0,33,35,5,4,0,0,0,26,0,0,0,0,0,0,0,0,0,0,0
"pymem.h.xml",26,3,3,2,8,1,3,2,1.15,1,1,0,0,0,0,0,0,0,3,0,0,0,0,0,0,1,3,0,0,0,0,0,0,0,1,0,0,1,0,0,0,0,0,0,0,0,0,0,0,0,0,0,0,0,0,0
"unicodedata.c.xml",958,1,1,1,9,4,5,4.5,0.71,1,1,0,0,0,0,0,0,0,1,0,0,0,0,0,0,0,1,0,0,1,0,0,0,0,1,0,0,1,0,0,0,0,0,0,0,0,0,0,0,0,0,0,0,0,0,0
"ffitarget__9.h.xml",16,1,1,1,8,8,8,8,0,1,1,0,0,0,0,0,0,0,1,0,0,0,0,0,0,1,0,0,0,0,0,0,0,0,1,0,0,1,0,0,0,0,0,0,0,0,0,0,0,0,0,0,0,0,0,0
"getnameinfo.c.xml",160,5,5,2,26,1,10,2.6,2.88,1,1,0,0,0,0,0,0,0,4,0,1,0,0,0,0,1,3,0,1,5,0,0,0,0,2,0,0,2,0,0,0,0,0,0,0,0,0,0,0,0,0,0,0,0,0,0
"config__3.c.xml",142,5,4,4,9,0,2,1.13,0.64,2,1.13,0.35,0,0,0,0,1,0,5,0,0,0,0,0,0,3,0,0,5,0,0,0,0,0,3,1,0,2,0,0,0,0,0,0,0,0,0,0,0,0,0,0,0,0,0,0
"formatter.h.xml",656,15,7,8,413,1,113,19.67,32.11,2,1.39,0.5,3,0,0,2,4,4,15,0,0,0,0,0,0,10,3,0,0,8,0,0,0,0,18,8,6,4,2,0,0,0,2,0,0,0,0,0,0,0,0,0,0,0,0,0
"importdl.c.xml",57,1,1,1,53,53,53,53,0,1,1,0,0,0,0,0,0,0,1,0,0,0,0,0,0,1,0,0,0,0,0,0,0,0,0,0,0,0,0,0,0,0,0,0,0,0,0,0,0,0,0,0,0,0,0,0
"getpath.c.xml",417,14,10,13,42,0,14,2.33,4.09,2,1.13,0.34,0,0,0,0,4,0,14,0,0,0,0,0,0,2,15,0,0,1,0,0,0,0,14,4,0,10,2,0,0,0,2,0,0,0,0,0,0,0,0,0,0,0,0,0
"make_buildinfo__1.c.xml",65,0,0,0,0,0,0,0,0,0,0,0,0,0,0,0,0,0,0,0,0,0,0,0,0,0,0,0,0,0,0,0,0,0,0,0,0,0,0,0,0,0,0,0,0,0,0,0,0,0,0,0,0,0,0,0
"codecs.h.xml",54,1,1,1,2,1,1,1,0,1,1,0,0,0,0,0,0,0,1,0,0,0,0,0,0,1,1,0,0,0,0,0,0,0,0,0,0,0,0,0,0,0,0,0,0,0,0,0,0,0,0,0,0,0,0,0
"prep_cif__2.c.xml",77,5,2,5,15,1,6,3,1.87,2,1.6,0.55,0,2,0,0,5,0,5,0,0,0,0,0,0,0,1,0,0,3,1,0,0,0,23,10,0,13,0,0,0,0,0,0,0,0,0,0,0,0,0,0,0,0,0,0
"cellobject.c.xml",117,0,0,0,0,0,0,0,0,0,0,0,0,0,0,0,0,0,0,0,0,0,0,0,0,0,0,0,0,0,0,0,0,0,0,0,0,0,0,0,0,0,0,0,0,0,0,0,0,0,0,0,0,0,0,0
"sha512module.c.xml",567,3,1,2,559,0,557,186.33,321.01,2,1.5,0.71,0,0,0,0,2,0,3,0,0,0,0,0,0,3,0,0,0,0,0,0,0,0,3,2,0,1,2,0,0,0,0,0,2,0,0,0,0,0,0,0,0,0,0,0
"xxsubtype.c.xml",239,0,0,0,0,0,0,0,0,0,0,0,0,0,0,0,0,0,0,0,0,0,0,0,0,0,0,0,0,0,0,0,0,0,0,0,0,0,0,0,0,0,0,0,0,0,0,0,0,0,0,0,0,0,0,0
"arraymodule.c.xml",1860,4,3,3,98,0,54,9.8,16.96,2,1.11,0.33,0,0,0,0,1,0,4,0,0,0,0,0,0,5,0,0,3,2,0,0,0,0,3,1,0,2,0,0,0,0,0,0,0,0,0,0,0,0,0,0,0,0,0,0
"iterobject.h.xml",13,1,1,1,2,1,1,1,0,1,1,0,0,0,0,0,0,0,1,0,0,0,0,0,0,1,1,0,0,0,0,0,0,0,0,0,0,0,0,0,0,0,0,0,0,0,0,0,0,0,0,0,0,0,0,0
"mappings_tw.h.xml",2626,0,0,0,0,0,0,0,0,0,0,0,0,0,0,0,0,0,0,0,0,0,0,0,0,0,0,0,0,0,0,0,0,0,0,0,0,0,0,0,0,0,0,0,0,0,0,0,0,0,0,0,0,0,0,0
"_subprocess.c.xml",411,4,4,3,6,1,2,1.5,0.58,1,1,0,0,1,0,0,2,0,4,0,0,0,0,0,0,4,0,0,0,0,0,0,0,0,6,2,0,4,2,0,0,0,2,0,0,0,0,0,0,0,0,0,0,0,0,0
"pyconfig__4.h.xml",252,3,3,4,1,0,1,0.33,0.58,1,1,0,0,1,0,0,1,0,3,0,0,0,0,0,0,3,0,0,0,0,0,0,0,0,3,1,0,2,0,0,0,0,0,0,0,0,0,0,0,0,0,0,0,0,0,0
"dup2.c.xml",14,0,0,0,0,0,0,0,0,0,0,0,0,0,0,0,0,0,0,0,0,0,0,0,0,0,0,0,0,0,0,0,0,0,0,0,0,0,0,0,0,0,0,0,0,0,0,0,0,0,0,0,0,0,0,0
"resource.h.xml",32,2,1,2,4,0,4,2,2.83,2,1.5,0.71,0,0,0,0,1,0,2,0,0,0,0,0,0,2,0,0,0,0,0,0,0,0,2,1,0,1,0,0,0,0,0,0,0,0,0,0,0,0,0,0,0,0,0,0
"tkappinit.c.xml",102,9,8,9,60,0,14,5,4.79,2,1.08,0.29,0,0,0,0,1,0,8,1,0,0,0,0,0,0,12,0,0,0,0,0,0,0,2,1,0,1,0,0,0,0,0,0,0,0,0,0,0,0,0,0,0,0,0,0
"structseq.c.xml",429,1,1,1,3,3,3,3,0,1,1,0,0,0,0,0,0,0,1,0,0,0,0,0,0,0,1,0,0,0,0,0,0,0,0,0,0,0,0,0,0,0,0,0,0,0,0,0,0,0,0,0,0,0,0,0
"dlfcn.c.xml",155,0,0,0,0,0,0,0,0,0,0,0,0,0,0,0,0,0,0,0,0,0,0,0,0,0,0,0,0,0,0,0,0,0,0,0,0,0,0,0,0,0,0,0,0,0,0,0,0,0,0,0,0,0,0,0
"inffast.h.xml",2,0,0,0,0,0,0,0,0,0,0,0,0,0,0,0,0,0,0,0,0,0,0,0,0,0,0,0,0,0,0,0,0,0,0,0,0,0,0,0,0,0,0,0,0,0,0,0,0,0,0,0,0,0,0,0
"symtable.c.xml",1105,0,0,0,0,0,0,0,0,0,0,0,0,0,0,0,0,0,0,0,0,0,0,0,0,0,0,0,0,0,0,0,0,0,0,0,0,0,0,0,0,0,0,0,0,0,0,0,0,0,0,0,0,0,0,0
"mathmodule.c.xml",678,1,1,1,1,1,1,1,0,1,1,0,0,0,0,0,0,0,1,0,0,0,0,0,0,1,0,0,0,0,0,0,0,0,0,0,0,0,0,0,0,0,0,0,0,0,0,0,0,0,0,0,0,0,0,0
"patchlevel.h.xml",13,0,0,0,0,0,0,0,0,0,0,0,0,0,0,0,0,0,0,0,0,0,0,0,0,0,0,0,0,0,0,0,0,0,0,0,0,0,0,0,0,0,0,0,0,0,0,0,0,0,0,0,0,0,0,0
"ffi__8.c.xml",137,0,0,0,0,0,0,0,0,0,0,0,0,0,0,0,0,0,0,0,0,0,0,0,0,0,0,0,0,0,0,0,0,0,0,0,0,0,0,0,0,0,0,0,0,0,0,0,0,0,0,0,0,0,0,0
"inftrees.c.xml",189,0,0,0,0,0,0,0,0,0,0,0,0,0,0,0,0,0,0,0,0,0,0,0,0,0,0,0,0,0,0,0,0,0,0,0,0,0,0,0,0,0,0,0,0,0,0,0,0,0,0,0,0,0,0,0
"symtable.h.xml",81,1,1,1,2,1,1,1,0,1,1,0,0,0,0,0,0,0,1,0,0,0,0,0,0,1,1,0,0,0,0,0,0,0,0,0,0,0,0,0,0,0,0,0,0,0,0,0,0,0,0,0,0,0,0,0
"nismodule.c.xml",363,6,6,5,6,1,1,1,0,1,1,0,0,0,0,0,0,0,6,0,0,0,0,0,0,6,0,0,0,0,0,0,0,0,4,0,0,4,0,0,0,0,0,0,0,0,0,0,0,0,0,0,0,0,0,0
"thread_atheos.h.xml",196,3,3,2,99,1,38,7.62,9.66,1,1,0,0,0,0,0,0,0,3,0,0,0,0,0,0,2,11,0,0,0,0,0,0,0,2,0,0,2,0,0,0,0,0,0,0,0,0,0,0,0,0,0,0,0,0,0
"thread_os2.h.xml",215,5,5,3,98,1,17,5.44,5.87,1,1,0,0,0,0,0,0,0,4,0,1,0,0,0,0,4,14,0,0,0,0,0,0,0,4,0,0,4,0,0,0,0,0,0,0,0,0,0,0,0,0,0,0,0,0,0
"_curses_panel.c.xml",305,0,0,0,0,0,0,0,0,0,0,0,0,0,0,0,0,0,0,0,0,0,0,0,0,0,0,0,0,0,0,0,0,0,0,0,0,0,0,0,0,0,0,0,0,0,0,0,0,0,0,0,0,0,0,0
"cgensupport.h.xml",52,1,1,1,2,1,1,1,0,1,1,0,0,0,0,0,0,0,1,0,0,0,0,0,0,1,1,0,0,0,0,0,0,0,0,0,0,0,0,0,0,0,0,0,0,0,0,0,0,0,0,0,0,0,0,0
"ceval.c.xml",3482,31,24,15,303,0,64,5.41,9.37,2,1.11,0.32,2,0,0,1,7,0,30,0,1,0,0,0,0,18,19,0,0,18,0,0,1,0,29,7,1,21,0,0,0,0,0,0,0,0,0,0,0,0,0,0,0,0,0,0
"stringdefs.h.xml",20,0,0,0,0,0,0,0,0,0,0,0,0,0,0,0,0,0,0,0,0,0,0,0,0,0,0,0,0,0,0,0,0,0,0,0,0,0,0,0,0,0,0,0,0,0,0,0,0,0,0,0,0,0,0,0
"_Menumodule.c.xml",3097,147,1,147,2771,1,2515,17.43,199.43,2,1.97,0.16,0,0,0,0,146,0,138,9,0,0,0,0,0,2,156,0,1,0,0,0,0,0,438,146,0,292,0,0,0,0,0,0,0,0,0,0,0,0,0,0,0,0,0,0
"pyconfig__1.h.xml",273,53,23,36,119,0,15,1.8,2.44,4,1.56,0.81,2,6,0,0,28,6,53,0,0,0,0,0,0,66,0,0,0,0,0,0,0,0,105,62,6,37,7,0,1,2,3,0,1,0,0,0,0,0,0,0,0,0,0,0
"dynload_aix.c.xml",135,2,2,1,3,1,2,1.5,0.71,1,1,0,0,0,0,0,0,0,2,0,0,0,0,0,0,2,0,0,0,0,0,0,0,0,1,0,0,1,0,0,0,0,0,0,0,0,0,0,0,0,0,0,0,0,0,0
"_Mltemodule.c.xml",1447,64,1,64,1305,0,1209,19.48,147.55,2,1.94,0.24,0,0,0,0,63,0,64,0,0,0,0,0,0,2,64,0,1,0,0,0,0,0,189,63,0,126,0,0,0,0,0,0,0,0,0,0,0,0,0,0,0,0,0,0
"pyconfig.h.xml",241,6,4,6,7,0,2,1.17,0.75,2,1.2,0.45,0,1,0,0,3,0,6,0,0,0,0,0,0,6,0,0,0,0,0,0,0,0,6,3,0,3,0,0,0,0,0,0,0,0,0,0,0,0,0,0,0,0,0,0
"trees.h.xml",120,0,0,0,0,0,0,0,0,0,0,0,0,0,0,0,0,0,0,0,0,0,0,0,0,0,0,0,0,0,0,0,0,0,0,0,0,0,0,0,0,0,0,0,0,0,0,0,0,0,0,0,0,0,0,0
"x86-ffi64.c.xml",382,2,1,2,377,10,367,188.5,252.44,2,1.5,0.71,0,0,0,0,1,0,2,0,0,0,0,0,0,1,0,0,0,1,0,0,0,0,2,1,0,1,0,0,0,0,0,0,0,0,0,0,0,0,0,0,0,0,0,0
"empty.c.xml",5,0,0,0,0,0,0,0,0,0,0,0,0,0,0,0,0,0,0,0,0,0,0,0,0,0,0,0,0,0,0,0,0,0,0,0,0,0,0,0,0,0,0,0,0,0,0,0,0,0,0,0,0,0,0,0
"Python-ast.h.xml",443,0,0,0,0,0,0,0,0,0,0,0,0,0,0,0,0,0,0,0,0,0,0,0,0,0,0,0,0,0,0,0,0,0,0,0,0,0,0,0,0,0,0,0,0,0,0,0,0,0,0,0,0,0,0,0
"tokenizer.h.xml",52,3,3,3,6,1,2,1.5,0.58,1,1,0,1,0,0,1,0,0,3,0,0,0,0,0,0,1,2,0,1,0,0,0,0,0,2,0,1,1,0,0,0,0,0,0,0,0,0,0,0,0,0,0,0,0,0,0
"sgimodule.c.xml",42,0,0,0,0,0,0,0,0,0,0,0,0,0,0,0,0,0,0,0,0,0,0,0,0,0,0,0,0,0,0,0,0,0,0,0,0,0,0,0,0,0,0,0,0,0,0,0,0,0,0,0,0,0,0,0
"getcwd_riscos.c.xml",5,0,0,0,0,0,0,0,0,0,0,0,0,0,0,0,0,0,0,0,0,0,0,0,0,0,0,0,0,0,0,0,0,0,0,0,0,0,0,0,0,0,0,0,0,0,0,0,0,0,0,0,0,0,0,0
"mysnprintf.c.xml",55,2,2,1,22,1,18,5.5,8.35,1,1,0,0,0,0,0,0,0,2,0,0,0,0,0,0,0,4,0,0,0,0,0,0,0,1,0,0,1,0,0,0,0,0,0,0,0,0,0,0,0,0,0,0,0,0,0
"tokenizer.c.xml",1389,15,8,4,483,0,248,20.13,50.16,2,1.4,0.5,1,2,0,2,7,1,15,0,0,0,0,0,0,9,8,0,0,7,0,0,0,0,31,8,3,20,0,0,0,0,0,0,0,0,0,0,0,0,0,0,0,0,0,0
"listobject.c.xml",2261,4,4,3,21,1,11,3,3.83,1,1,0,0,0,0,0,0,0,4,0,0,0,0,0,0,4,1,0,0,2,0,0,0,0,2,0,0,2,0,0,0,0,0,0,0,0,0,0,0,0,0,0,0,0,0,0
"_Launchmodule.c.xml",406,3,3,2,13,1,7,4.33,3.06,1,1,0,0,0,0,0,0,0,3,0,0,0,0,0,0,1,2,0,0,0,0,0,0,0,3,0,0,3,1,1,0,0,0,0,0,0,0,0,0,0,0,0,0,0,0,0
"loop.c.xml",20,0,0,0,0,0,0,0,0,0,0,0,0,0,0,0,0,0,0,0,0,0,0,0,0,0,0,0,0,0,0,0,0,0,0,0,0,0,0,0,0,0,0,0,0,0,0,0,0,0,0,0,0,0,0,0
"_TEmodule.c.xml",1120,52,1,52,1002,1,908,18.22,122.25,2,1.93,0.26,0,0,0,0,51,0,52,0,0,0,0,0,0,2,52,0,1,0,0,0,0,0,153,51,0,102,0,0,0,0,0,0,0,0,0,0,0,0,0,0,0,0,0,0
"methodobject.h.xml",52,1,1,1,2,1,1,1,0,1,1,0,0,0,0,0,0,0,1,0,0,0,0,0,0,1,1,0,0,0,0,0,0,0,0,0,0,0,0,0,0,0,0,0,0,0,0,0,0,0,0,0,0,0,0,0
"moduleobject.h.xml",15,1,1,1,2,1,1,1,0,1,1,0,0,0,0,0,0,0,1,0,0,0,0,0,0,1,1,0,0,0,0,0,0,0,0,0,0,0,0,0,0,0,0,0,0,0,0,0,0,0,0,0,0,0,0,0
"inffast.c.xml",230,4,1,3,214,1,203,35.67,81.99,2,1.8,0.45,0,0,0,0,3,0,4,0,0,0,0,0,0,3,2,0,0,1,0,0,0,0,8,3,0,5,0,0,0,0,0,0,0,0,0,0,0,0,0,0,0,0,0,0
"ffitarget__17.h.xml",144,29,9,8,82,0,21,2.48,3.98,3,1.89,0.74,0,1,1,0,16,4,29,0,0,0,0,0,0,23,0,0,6,0,0,4,0,0,82,38,4,40,17,0,0,0,0,0,17,0,0,0,0,0,0,0,0,0,0,0
"ffi64.c.xml",354,1,1,1,347,347,347,347,0,1,1,0,0,0,0,0,0,0,1,0,0,0,0,0,0,1,0,0,0,0,0,0,0,0,0,0,0,0,0,0,0,0,0,0,0,0,0,0,0,0,0,0,0,0,0,0
"_bytesio.c.xml",556,0,0,0,0,0,0,0,0,0,0,0,0,0,0,0,0,0,0,0,0,0,0,0,0,0,0,0,0,0,0,0,0,0,0,0,0,0,0,0,0,0,0,0,0,0,0,0,0,0,0,0,0,0,0,0
"malloc_closure.c.xml",80,6,3,5,29,1,8,2.9,2.51,2,1.33,0.52,0,1,0,0,3,0,6,0,0,0,0,0,0,3,5,0,0,2,0,0,0,0,10,4,0,6,0,0,0,0,0,0,0,0,0,0,0,0,0,0,0,0,0,0
"setobject.h.xml",43,1,1,1,2,1,1,1,0,1,1,0,0,0,0,0,0,0,1,0,0,0,0,0,0,1,1,0,0,0,0,0,0,0,0,0,0,0,0,0,0,0,0,0,0,0,0,0,0,0,0,0,0,0,0,0
"cStringIO.h.xml",19,1,1,1,2,1,1,1,0,1,1,0,0,0,0,0,0,0,1,0,0,0,0,0,0,1,1,0,0,0,0,0,0,0,0,0,0,0,0,0,0,0,0,0,0,0,0,0,0,0,0,0,0,0,0,0
"noddy4.c.xml",178,1,1,1,1,1,1,1,0,1,1,0,0,0,0,0,0,0,1,0,0,0,0,0,0,1,0,0,0,0,0,0,0,0,1,0,0,1,0,0,0,0,0,0,0,0,0,0,0,0,0,0,0,0,0,0
"pythread.h.xml",33,2,2,2,4,1,2,1.33,0.58,1,1,0,0,0,0,0,0,0,2,0,0,0,0,0,0,1,2,0,0,0,0,0,0,0,1,0,0,1,0,0,0,0,0,0,0,0,0,0,0,0,0,0,0,0,0,0
"bsddb.h.xml",117,5,4,3,20,1,11,3.33,4.08,2,1.17,0.41,0,0,0,0,1,0,5,0,0,0,0,0,0,4,0,0,2,0,0,0,0,0,3,1,0,2,4,0,0,1,3,0,0,0,0,0,0,0,0,0,0,0,0,0
"dictobject.h.xml",53,1,1,1,2,1,1,1,0,1,1,0,0,0,0,0,0,0,1,0,0,0,0,0,0,1,1,0,0,0,0,0,0,0,0,0,0,0,0,0,0,0,0,0,0,0,0,0,0,0,0,0,0,0,0,0
"connection.h.xml",50,0,0,0,0,0,0,0,0,0,0,0,0,0,0,0,0,0,0,0,0,0,0,0,0,0,0,0,0,0,0,0,0,0,0,0,0,0,0,0,0,0,0,0,0,0,0,0,0,0,0,0,0,0,0,0
"formatter_unicode.c.xml",5,0,0,0,0,0,0,0,0,0,0,0,0,0,0,0,0,0,0,0,0,0,0,0,0,0,0,0,0,0,0,0,0,0,0,0,0,0,0,0,0,0,0,0,0,0,0,0,0,0,0,0,0,0,0,0
"pipe_connection.c.xml",90,0,0,0,0,0,0,0,0,0,0,0,0,0,0,0,0,0,0,0,0,0,0,0,0,0,0,0,0,0,0,0,0,0,0,0,0,0,0,0,0,0,0,0,0,0,0,0,0,0,0,0,0,0,0,0
"socketmodule.h.xml",149,29,11,22,98,1,31,3.27,6.55,3,1.74,0.62,0,0,1,0,17,1,29,0,0,0,0,0,0,18,7,0,5,0,0,0,0,0,57,22,2,33,0,0,0,0,0,0,0,0,0,0,0,0,0,0,0,0,0,0
"winsound.c.xml",125,0,0,0,0,0,0,0,0,0,0,0,0,0,0,0,0,0,0,0,0,0,0,0,0,0,0,0,0,0,0,0,0,0,0,0,0,0,0,0,0,0,0,0,0,0,0,0,0,0,0,0,0,0,0,0
"example__1.c.xml",15,0,0,0,0,0,0,0,0,0,0,0,0,0,0,0,0,0,0,0,0,0,0,0,0,0,0,0,0,0,0,0,0,0,0,0,0,0,0,0,0,0,0,0,0,0,0,0,0,0,0,0,0,0,0,0
"sre_constants.h.xml",74,0,0,0,0,0,0,0,0,0,0,0,0,0,0,0,0,0,0,0,0,0,0,0,0,0,0,0,0,0,0,0,0,0,0,0,0,0,0,0,0,0,0,0,0,0,0,0,0,0,0,0,0,0,0,0
"sqlitecompat.h.xml",5,1,1,1,2,2,2,2,0,1,1,0,0,0,0,0,0,0,1,0,0,0,0,0,0,1,0,0,0,0,0,0,0,0,0,0,0,0,1,1,0,0,0,0,0,0,0,0,0,0,0,0,0,0,0,0
"mactoolboxglue.c.xml",298,3,2,2,111,12,60,37,24.06,2,1.33,0.58,0,0,0,0,1,0,3,0,0,0,0,0,0,3,0,0,0,0,0,0,0,0,3,1,0,2,0,0,0,0,0,0,0,0,0,0,0,0,0,0,0,0,0,0
"setobject.c.xml",1949,3,3,3,102,1,84,12.75,28.81,1,1,0,0,0,0,0,0,0,3,0,0,0,0,0,0,4,1,0,1,2,0,0,0,0,1,0,0,1,0,0,0,0,0,0,0,0,0,0,0,0,0,0,0,0,0,0
"sha256module.c.xml",501,2,2,1,1,0,1,0.5,0.71,1,1,0,0,0,0,0,0,0,2,0,0,0,0,0,0,2,0,0,0,0,0,0,0,0,1,0,0,1,2,0,0,0,0,0,2,0,0,0,0,0,0,0,0,0,0,0
"mystrtoul.c.xml",207,5,5,5,15,1,6,3,2.74,1,1,0,0,1,0,0,3,0,5,0,0,0,0,0,0,5,0,0,0,0,0,0,0,0,8,4,0,4,5,0,0,0,0,0,5,0,0,0,0,0,0,0,0,0,0,0
"bitset.c.xml",46,1,1,0,4,4,4,4,0,1,1,0,0,0,0,0,0,0,1,0,0,0,0,0,0,1,0,0,0,0,0,0,0,0,0,0,0,0,0,0,0,0,0,0,0,0,0,0,0,0,0,0,0,0,0,0
"Python-ast.c.xml",5811,0,0,0,0,0,0,0,0,0,0,0,0,0,0,0,0,0,0,0,0,0,0,0,0,0,0,0,0,0,0,0,0,0,0,0,0,0,0,0,0,0,0,0,0,0,0,0,0,0,0,0,0,0,0,0
"inflate.c.xml",973,8,7,5,226,0,123,12.56,29.18,2,1.07,0.26,0,0,0,0,1,0,8,0,0,0,0,0,0,7,3,0,0,7,1,0,0,0,5,1,0,4,0,0,0,0,0,0,0,0,0,0,0,0,0,0,0,0,0,0
"multibytecodec.c.xml",1459,0,0,0,0,0,0,0,0,0,0,0,0,0,0,0,0,0,0,0,0,0,0,0,0,0,0,0,0,0,0,0,0,0,0,0,0,0,0,0,0,0,0,0,0,0,0,0,0,0,0,0,0,0,0,0
"grammar.c.xml",206,2,2,2,2,1,1,1,0,1,1,0,0,0,0,0,0,0,2,0,0,0,0,0,0,1,1,0,0,0,0,0,0,0,0,0,0,0,0,0,0,0,0,0,0,0,0,0,0,0,0,0,0,0,0,0
"ceval.h.xml",68,5,5,3,19,1,11,3.17,4.02,1,1,0,0,0,0,0,0,0,5,0,0,0,0,0,0,1,5,0,0,0,0,0,0,0,2,0,0,2,0,0,0,0,0,0,0,0,0,0,0,0,0,0,0,0,0,0
"semaphore.c.xml",473,8,4,4,295,1,123,29.5,41.92,2,1.5,0.55,0,0,0,0,4,0,8,0,0,0,0,0,0,4,4,0,0,2,0,0,0,0,12,4,0,8,0,0,0,0,0,0,0,0,0,0,0,0,0,0,0,0,0,0
"pycfbridge.c.xml",263,1,1,0,4,4,4,4,0,1,1,0,0,0,0,0,0,0,1,0,0,0,0,0,0,0,1,0,0,0,0,0,0,0,0,0,0,0,0,0,0,0,0,0,0,0,0,0,0,0,0,0,0,0,0,0
"ffi_common__3.h.xml",70,13,7,8,27,0,16,1.93,4.12,4,1.78,1.09,0,0,0,0,6,0,13,0,0,0,0,0,0,2,12,0,0,0,0,0,0,0,27,10,0,17,0,0,0,0,0,0,0,0,0,0,0,0,0,0,0,0,0,0
"shoddy.c.xml",76,0,0,0,0,0,0,0,0,0,0,0,0,0,0,0,0,0,0,0,0,0,0,0,0,0,0,0,0,0,0,0,0,0,0,0,0,0,0,0,0,0,0,0,0,0,0,0,0,0,0,0,0,0,0,0
"config.c.xml",17,0,0,0,0,0,0,0,0,0,0,0,0,0,0,0,0,0,0,0,0,0,0,0,0,0,0,0,0,0,0,0,0,0,0,0,0,0,0,0,0,0,0,0,0,0,0,0,0,0,0,0,0,0,0,0
"_Fmmodule.c.xml",299,18,2,16,255,1,222,12.75,49.29,2,1.84,0.37,0,0,0,0,16,0,18,0,0,0,0,0,0,3,17,0,0,0,0,0,0,0,50,16,0,34,0,0,0,0,0,0,0,0,0,0,0,0,0,0,0,0,0,0
"ast.c.xml",2698,5,5,3,122,1,61,10.17,16.78,1,1,0,0,0,0,0,0,0,5,0,0,0,0,0,0,2,6,0,0,4,0,0,0,0,5,0,0,5,0,0,0,0,0,0,0,0,0,0,0,0,0,0,0,0,0,0
"fpectlmodule.c.xml",167,24,18,21,87,1,12,3.22,2.85,2,1.4,0.52,2,4,0,0,4,16,24,0,0,0,0,0,0,1,26,0,0,0,0,0,0,0,349,184,31,134,0,0,0,0,0,0,0,0,0,0,0,0,0,0,0,0,0,0
"graminit.h.xml",86,0,0,0,0,0,0,0,0,0,0,0,0,0,0,0,0,0,0,0,0,0,0,0,0,0,0,0,0,0,0,0,0,0,0,0,0,0,0,0,0,0,0,0,0,0,0,0,0,0,0,0,0,0,0,0
"osdefs.h.xml",39,11,6,13,16,0,3,1.33,1.07,3,1.4,0.7,1,2,0,0,2,3,11,0,0,0,0,0,0,1,11,0,0,0,0,0,0,0,34,11,12,11,2,0,0,2,0,0,0,0,0,0,0,0,0,0,0,0,0,0
"abstract.h.xml",175,2,2,2,4,1,2,1.33,0.58,1,1,0,0,0,0,0,0,0,2,0,0,0,0,0,0,1,2,0,0,0,0,0,0,0,0,0,0,0,0,0,0,0,0,0,0,0,0,0,0,0,0,0,0,0,0,0
"drawfmodule.c.xml",607,0,0,0,0,0,0,0,0,0,0,0,0,0,0,0,0,0,0,0,0,0,0,0,0,0,0,0,0,0,0,0,0,0,0,0,0,0,0,0,0,0,0,0,0,0,0,0,0,0,0,0,0,0,0,0
"_Winmodule.c.xml",2900,145,1,145,2595,1,2363,17.42,193.51,2,1.97,0.18,0,0,0,0,144,0,145,0,0,0,0,0,0,3,145,0,1,0,0,0,0,0,432,144,0,288,0,0,0,0,0,0,0,0,0,0,0,0,0,0,0,0,0,0
"errmap.h.xml",147,0,0,0,0,0,0,0,0,0,0,0,0,0,0,0,0,0,0,0,0,0,0,0,0,0,0,0,0,0,0,0,0,0,0,0,0,0,0,0,0,0,0,0,0,0,0,0,0,0,0,0,0,0,0,0
"make_buildinfo.c.xml",66,0,0,0,0,0,0,0,0,0,0,0,0,0,0,0,0,0,0,0,0,0,0,0,0,0,0,0,0,0,0,0,0,0,0,0,0,0,0,0,0,0,0,0,0,0,0,0,0,0,0,0,0,0,0,0
"dlmodule.c.xml",234,11,11,10,26,1,12,2.17,3.21,1,1,0,0,0,0,0,0,0,11,0,0,0,0,0,0,2,9,0,0,1,0,0,0,0,2,0,0,2,0,0,0,0,0,0,0,0,0,0,0,0,0,0,0,0,0,0
"pgenheaders.h.xml",33,1,1,1,2,1,1,1,0,1,1,0,0,0,0,0,0,0,1,0,0,0,0,0,0,1,1,0,0,0,0,0,0,0,0,0,0,0,0,0,0,0,0,0,0,0,0,0,0,0,0,0,0,0,0,0
"ColorPickermodule.c.xml",38,1,1,1,15,1,14,7.5,9.19,1,1,0,0,0,0,0,0,0,1,0,0,0,0,0,0,1,0,0,1,0,0,0,0,0,1,0,0,1,0,0,0,0,0,0,0,0,0,0,0,0,0,0,0,0,0,0
"classobject.c.xml",2214,3,3,4,8,1,5,2.67,2.08,1,1,0,0,0,0,0,0,0,3,0,0,0,0,0,0,1,0,0,0,2,0,0,0,0,1,0,0,1,1,1,0,0,0,0,0,0,0,0,0,0,0,0,0,0,0,0
"x86-ffitarget.h.xml",40,10,5,6,21,0,7,2.1,1.91,3,1.63,0.74,0,1,2,0,3,5,10,0,0,0,0,0,0,6,0,0,4,0,0,0,0,0,29,13,5,11,0,0,0,0,0,0,0,0,0,0,0,0,0,0,0,0,0,0
"_IBCarbon.c.xml",207,2,1,2,189,1,174,37.8,76.25,2,1.2,0.45,0,0,0,0,1,0,2,0,0,0,0,0,0,2,2,0,1,0,0,0,0,0,3,1,0,2,0,0,0,0,0,0,0,0,0,0,0,0,0,0,0,0,0,0
"abstract.c.xml",2315,5,3,3,11,0,4,1.83,1.72,2,1.25,0.5,0,0,0,0,2,0,5,0,0,0,0,0,0,0,6,0,0,0,0,0,0,0,6,2,0,4,0,0,0,0,0,0,0,0,0,0,0,0,0,0,0,0,0,0
"_codecs_iso2022.c.xml",861,3,3,2,9,1,7,3,3.46,1,1,0,0,0,0,0,0,0,3,0,0,0,0,0,0,0,0,0,0,2,1,0,0,0,1,0,0,1,2,0,0,0,0,0,2,0,0,0,0,0,0,0,0,0,0,0
"obmalloc.c.xml",830,20,4,11,781,0,383,31.24,99.22,8,2.91,1.93,0,0,1,0,14,2,20,0,0,0,0,0,0,13,2,0,7,3,0,0,0,0,50,44,2,4,35,0,1,28,4,0,2,0,0,0,0,0,0,0,0,0,0,0
"ffi__11.c.xml",367,2,2,1,2,1,1,1,0,1,1,0,0,0,0,0,0,0,2,0,0,0,0,0,0,0,2,0,0,0,0,0,0,0,1,0,0,1,0,0,0,0,0,0,0,0,0,0,0,0,0,0,0,0,0,0
"pyexpat.c.xml",1751,28,24,14,294,0,51,4.9,9.22,2,1.05,0.22,0,1,0,0,6,0,28,0,0,0,0,0,0,20,24,0,7,8,0,0,1,0,26,6,0,20,12,6,0,1,3,0,2,0,0,0,0,0,0,0,0,0,0,0
"code.h.xml",60,3,3,1,4,1,1,1,0,1,1,0,0,0,0,0,0,0,3,0,0,0,0,0,0,1,3,0,0,0,0,0,0,0,0,0,0,0,0,0,0,0,0,0,0,0,0,0,0,0,0,0,0,0,0,0
"kill_python.c.xml",100,2,2,1,8,4,4,4,0,1,1,0,0,0,0,0,0,0,2,0,0,0,0,0,0,2,0,0,0,0,0,0,0,0,1,0,0,1,0,0,0,0,0,0,0,0,0,0,0,0,0,0,0,0,0,0
"_CarbonEvtmodule.c.xml",1786,3,2,1,1772,1,1704,354.4,754.76,2,1.25,0.5,0,0,0,0,1,0,3,0,0,0,0,0,0,3,2,0,0,0,0,0,0,0,5,1,0,4,0,0,0,0,0,0,0,0,0,0,0,0,0,0,0,0,0,0
"thread_wince.h.xml",95,3,3,2,20,1,14,6.67,6.66,1,1,0,0,0,0,0,0,0,3,0,0,0,0,0,0,1,2,0,0,0,0,0,0,0,4,0,0,4,0,0,0,0,0,0,0,0,0,0,0,0,0,0,0,0,0,0
"_csv.c.xml",1251,8,4,6,8,0,2,1,0.53,2,1.33,0.52,0,0,0,0,4,0,8,0,0,0,0,0,0,8,0,0,0,0,0,0,0,0,14,4,0,10,0,0,0,0,0,0,0,0,0,0,0,0,0,0,0,0,0,0
"unicodetype_db.h.xml",1417,0,0,0,0,0,0,0,0,0,0,0,0,0,0,0,0,0,0,0,0,0,0,0,0,0,0,0,0,0,0,0,0,0,0,0,0,0,0,0,0,0,0,0,0,0,0,0,0,0,0,0,0,0,0,0
"pyfpe.c.xml",10,1,1,1,2,2,2,2,0,1,1,0,0,0,0,0,0,0,1,0,0,0,0,0,0,1,0,0,0,0,0,0,0,0,0,0,0,0,0,0,0,0,0,0,0,0,0,0,0,0,0,0,0,0,0,0
"intrcheck.c.xml",114,9,5,8,93,1,48,10.33,15.26,2,1.29,0.49,0,2,0,0,6,0,9,0,0,0,0,0,0,6,1,0,0,2,0,0,0,0,17,8,0,9,0,0,0,0,0,0,0,0,0,0,0,0,0,0,0,0,0,0
"dynload_beos.c.xml",151,2,2,3,8,1,2,1.14,0.38,1,1,0,0,1,0,0,1,0,2,0,0,0,0,0,0,2,2,0,0,3,0,0,0,0,2,1,0,1,0,0,0,0,0,0,0,0,0,0,0,0,0,0,0,0,0,0
"ffitarget__2.h.xml",14,1,1,1,8,8,8,8,0,1,1,0,0,0,0,0,0,0,1,0,0,0,0,0,0,1,0,0,0,0,0,0,0,0,1,0,0,1,0,0,0,0,0,0,0,0,0,0,0,0,0,0,0,0,0,0
"_warnings.c.xml",699,0,0,0,0,0,0,0,0,0,0,0,0,0,0,0,0,0,0,0,0,0,0,0,0,0,0,0,0,0,0,0,0,0,0,0,0,0,0,0,0,0,0,0,0,0,0,0,0,0,0,0,0,0,0,0
"ffitarget__10.h.xml",14,1,1,1,8,8,8,8,0,1,1,0,0,0,0,0,0,0,1,0,0,0,0,0,0,1,0,0,0,0,0,0,0,0,1,0,0,1,0,0,0,0,0,0,0,0,0,0,0,0,0,0,0,0,0,0
"getcompiler.c.xml",17,4,1,3,3,0,1,0.6,0.55,2,1.5,0.58,0,0,0,0,3,0,3,1,0,0,0,0,0,5,0,0,0,0,0,0,0,0,8,3,0,5,0,0,0,0,0,0,0,0,0,0,0,0,0,0,0,0,0,0
"dynload_hpux.c.xml",47,2,2,1,2,1,1,1,0,1,1,0,0,0,0,0,0,0,2,0,0,0,0,0,0,2,0,0,0,0,0,0,0,0,1,0,0,1,0,0,0,0,0,0,0,0,0,0,0,0,0,0,0,0,0,0
"fastsearch.h.xml",60,0,0,0,0,0,0,0,0,0,0,0,0,0,0,0,0,0,0,0,0,0,0,0,0,0,0,0,0,0,0,0,0,0,0,0,0,0,0,0,0,0,0,0,0,0,0,0,0,0,0,0,0,0,0,0
"thread_nt.h.xml",197,2,2,2,18,1,17,9,11.31,1,1,0,0,0,0,0,0,0,2,0,0,0,0,0,0,2,0,0,0,0,0,0,0,0,1,0,0,1,0,0,0,0,0,0,0,0,0,0,0,0,0,0,0,0,0,0
"ffi__2.c.xml",169,1,1,1,7,1,2,1.75,0.5,1,1,0,0,0,0,0,0,0,0,0,1,0,0,0,0,1,1,0,0,2,0,0,0,0,0,0,0,0,0,0,0,0,0,0,0,0,0,0,0,0,0,0,0,0,0,0
"_collectionsmodule.c.xml",1174,0,0,0,0,0,0,0,0,0,0,0,0,0,0,0,0,0,0,0,0,0,0,0,0,0,0,0,0,0,0,0,0,0,0,0,0,0,0,0,0,0,0,0,0,0,0,0,0,0,0,0,0,0,0,0
"mappings_jp.h.xml",4743,0,0,0,0,0,0,0,0,0,0,0,0,0,0,0,0,0,0,0,0,0,0,0,0,0,0,0,0,0,0,0,0,0,0,0,0,0,0,0,0,0,0,0,0,0,0,0,0,0,0,0,0,0,0,0
"dynload_stub.c.xml",5,0,0,0,0,0,0,0,0,0,0,0,0,0,0,0,0,0,0,0,0,0,0,0,0,0,0,0,0,0,0,0,0,0,0,0,0,0,0,0,0,0,0,0,0,0,0,0,0,0,0,0,0,0,0,0
"ia64_flags.h.xml",5,0,0,0,0,0,0,0,0,0,0,0,0,0,0,0,0,0,0,0,0,0,0,0,0,0,0,0,0,0,0,0,0,0,0,0,0,0,0,0,0,0,0,0,0,0,0,0,0,0,0,0,0,0,0,0
"fficonfig__2.h.xml",16,2,2,1,2,1,1,1,0,1,1,0,0,0,0,0,0,0,2,0,0,0,0,0,0,2,0,0,0,0,0,0,0,0,1,0,0,1,0,0,0,0,0,0,0,0,0,0,0,0,0,0,0,0,0,0
"pymath.h.xml",80,27,20,25,28,0,5,1.04,0.9,2,1.17,0.39,1,1,0,2,8,0,27,0,0,0,0,0,0,27,0,0,0,0,0,0,0,0,39,8,2,29,0,0,0,0,0,0,0,0,0,0,0,0,0,0,0,0,0,0
"ffi_common__1.h.xml",47,6,5,4,14,0,6,1.75,1.91,2,1.17,0.41,0,0,0,0,1,0,6,0,0,0,0,0,0,2,6,0,0,0,0,0,0,0,5,1,0,4,0,0,0,0,0,0,0,0,0,0,0,0,0,0,0,0,0,0
"importdl.h.xml",40,5,3,4,7,0,2,1.17,0.75,2,1.25,0.5,0,1,0,0,2,0,5,0,0,0,0,0,0,1,5,0,0,0,0,0,0,0,10,4,0,6,0,0,0,0,0,0,0,0,0,0,0,0,0,0,0,0,0,0
"crc32.c.xml",279,17,6,5,155,0,64,6.74,13.8,5,1.94,1.16,0,0,0,0,11,0,16,0,1,0,0,0,0,17,5,0,0,1,0,0,0,0,44,24,0,20,12,0,0,0,0,0,12,0,0,0,0,0,0,0,0,0,0,0
"marshal.c.xml",1065,5,5,4,196,1,57,16.33,17.93,1,1,0,0,0,0,0,0,0,5,0,0,0,0,0,0,2,5,0,0,5,0,0,0,0,2,0,0,2,2,0,0,2,0,0,0,0,0,0,0,0,0,0,0,0,0,0
"_hashopenssl.c.xml",352,3,3,1,49,1,40,9.8,16.96,1,1,0,0,0,0,0,0,0,3,0,0,0,0,0,0,2,1,0,2,0,0,0,0,0,1,0,0,1,0,0,0,0,0,0,0,0,0,0,0,0,0,0,0,0,0,0
"config__2.c.xml",75,8,6,8,11,0,3,1.22,0.83,2,1.14,0.38,1,0,0,2,0,2,8,0,0,0,0,0,0,1,0,0,8,0,0,0,0,0,14,2,8,4,0,0,0,0,0,0,0,0,0,0,0,0,0,0,0,0,0,0
"_Listmodule.c.xml",959,2,1,2,939,4,865,156.5,347.27,2,1.17,0.41,0,0,0,0,1,0,2,0,0,0,0,0,0,3,2,0,1,0,0,0,0,0,3,1,0,2,0,0,0,0,0,0,0,0,0,0,0,0,0,0,0,0,0,0
"mappings_jisx0213_pair.h.xml",58,2,2,1,53,2,51,26.5,34.65,1,1,0,0,0,0,0,0,0,2,0,0,0,0,0,0,2,0,0,0,0,0,0,0,0,1,0,0,1,0,0,0,0,0,0,0,0,0,0,0,0,0,0,0,0,0,0
"pyport.h.xml",327,100,68,73,142,0,16,1.38,1.78,4,1.39,0.76,3,5,3,3,33,15,100,0,0,0,0,0,0,53,50,0,0,0,0,0,0,0,210,92,22,96,37,4,9,2,4,1,18,1,0,0,1,0,0,0,0,0,0,0
"pgen.c.xml",537,2,2,1,3,1,2,1.5,0.71,1,1,0,0,0,0,0,0,0,2,0,0,0,0,0,0,2,0,0,0,0,0,0,0,0,1,0,0,1,0,0,0,0,0,0,0,0,0,0,0,0,0,0,0,0,0,0
"structmember.c.xml",313,1,1,1,23,6,17,11.5,7.78,1,1,0,0,0,0,0,0,0,1,0,0,0,0,0,0,0,0,0,0,2,0,0,0,0,0,0,0,0,0,0,0,0,0,0,0,0,0,0,0,0,0,0,0,0,0,0
"compile.h.xml",26,1,1,1,2,1,1,1,0,1,1,0,0,0,0,0,0,0,1,0,0,0,0,0,0,1,1,0,0,0,0,0,0,0,0,0,0,0,0,0,0,0,0,0,0,0,0,0,0,0,0,0,0,0,0,0
"sunaudiodev.c.xml",361,5,5,3,24,1,9,2.4,2.46,1,1,0,0,0,0,0,0,0,5,0,0,0,0,0,0,5,2,0,3,0,0,0,0,0,1,0,0,1,0,0,0,0,0,0,0,0,0,0,0,0,0,0,0,0,0,0
"pgenmain.c.xml",130,0,0,0,0,0,0,0,0,0,0,0,0,0,0,0,0,0,0,0,0,0,0,0,0,0,0,0,0,0,0,0,0,0,0,0,0,0,0,0,0,0,0,0,0,0,0,0,0,0,0,0,0,0,0,0
"multiprocessing.h.xml",119,16,13,13,56,0,13,2.8,2.98,2,1.17,0.39,0,2,0,0,7,0,16,0,0,0,0,0,0,20,0,0,0,0,0,0,0,0,25,9,0,16,9,2,0,0,2,0,5,0,0,0,0,0,0,0,0,0,0,0
"autoGIL.c.xml",121,3,3,3,4,1,1,1,0,1,1,0,0,0,0,0,0,0,3,0,0,0,0,0,0,2,0,0,0,2,0,0,0,0,2,0,0,2,0,0,0,0,0,0,0,0,0,0,0,0,0,0,0,0,0,0
"node.h.xml",26,1,1,1,2,1,1,1,0,1,1,0,0,0,0,0,0,0,1,0,0,0,0,0,0,1,1,0,0,0,0,0,0,0,0,0,0,0,0,0,0,0,0,0,0,0,0,0,0,0,0,0,0,0,0,0
"dynload_win.c.xml",161,3,3,2,7,1,1,1,0,1,1,0,0,0,0,0,0,0,3,0,0,0,0,0,0,1,0,0,2,4,0,0,0,0,1,0,0,1,0,0,0,0,0,0,0,0,0,0,0,0,0,0,0,0,0,0
"bytesobject.h.xml",32,0,0,0,0,0,0,0,0,0,0,0,0,0,0,0,0,0,0,0,0,0,0,0,0,0,0,0,0,0,0,0,0,0,0,0,0,0,0,0,0,0,0,0,0,0,0,0,0,0,0,0,0,0,0,0
"_AEmodule.c.xml",1285,48,48,48,52,1,5,1.08,0.58,1,1,0,0,0,0,0,0,0,48,0,0,0,0,0,0,2,46,0,0,0,0,0,0,0,47,0,0,47,0,0,0,0,0,0,0,0,0,0,0,0,0,0,0,0,0,0
"opcode.h.xml",116,1,1,1,2,1,1,1,0,1,1,0,0,0,0,0,0,0,1,0,0,0,0,0,0,1,1,0,0,0,0,0,0,0,0,0,0,0,0,0,0,0,0,0,0,0,0,0,0,0,0,0,0,0,0,0
"partition.h.xml",78,1,1,1,1,1,1,1,0,1,1,0,0,0,0,0,0,0,1,0,0,0,0,0,0,1,0,0,0,0,0,0,0,0,1,0,0,1,0,0,0,0,0,0,0,0,0,0,0,0,0,0,0,0,0,0
"addrinfo.h.xml",112,13,5,11,82,1,23,5.13,6.51,2,1.54,0.52,0,0,0,0,8,0,13,0,0,0,0,0,0,12,0,0,4,0,0,0,0,0,24,8,0,16,0,0,0,0,0,0,0,0,0,0,0,0,0,0,0,0,0,0
"ctype.h.xml",79,0,0,0,0,0,0,0,0,0,0,0,0,0,0,0,0,0,0,0,0,0,0,0,0,0,0,0,0,0,0,0,0,0,0,0,0,0,0,0,0,0,0,0,0,0,0,0,0,0,0,0,0,0,0,0
"intrcheck.h.xml",10,1,1,1,2,1,1,1,0,1,1,0,0,0,0,0,0,0,1,0,0,0,0,0,0,1,1,0,0,0,0,0,0,0,0,0,0,0,0,0,0,0,0,0,0,0,0,0,0,0,0,0,0,0,0,0
"getversion.c.xml",9,0,0,0,0,0,0,0,0,0,0,0,0,0,0,0,0,0,0,0,0,0,0,0,0,0,0,0,0,0,0,0,0,0,0,0,0,0,0,0,0,0,0,0,0,0,0,0,0,0,0,0,0,0,0,0
"expat_config.h.xml",10,2,2,1,2,1,1,1,0,1,1,0,0,0,0,0,0,0,2,0,0,0,0,0,0,2,0,0,0,0,0,0,0,0,1,0,0,1,0,0,0,0,0,0,0,0,0,0,0,0,0,0,0,0,0,0
"prep_cif.c.xml",88,7,2,8,47,1,23,6.71,7.54,3,2.14,0.9,0,2,0,0,5,0,7,0,0,0,0,0,0,2,1,0,0,2,2,0,0,0,45,21,0,24,0,0,0,0,0,0,0,0,0,0,0,0,0,0,0,0,0,0
"pyerrors.h.xml",228,9,8,8,78,1,32,5.57,8.49,2,1.15,0.38,0,1,0,0,2,0,9,0,0,0,0,0,0,1,13,0,0,0,0,0,0,0,4,2,0,2,0,0,0,0,0,0,0,0,0,0,0,0,0,0,0,0,0,0
"sleep.c.xml",31,0,0,0,0,0,0,0,0,0,0,0,0,0,0,0,0,0,0,0,0,0,0,0,0,0,0,0,0,0,0,0,0,0,0,0,0,0,0,0,0,0,0,0,0,0,0,0,0,0,0,0,0,0,0,0
"ffitarget__15.h.xml",15,1,1,1,9,9,9,9,0,1,1,0,0,0,0,0,0,0,1,0,0,0,0,0,0,1,0,0,0,0,0,0,0,0,1,0,0,1,0,0,0,0,0,0,0,0,0,0,0,0,0,0,0,0,0,0
"_cursesmodule.c.xml",2205,36,36,30,309,1,41,4.98,8.19,1,1,0,3,0,1,4,0,1,34,2,0,0,0,0,0,21,25,2,8,4,0,0,0,2,18,1,6,11,0,0,0,0,0,0,0,0,0,0,0,0,0,0,0,0,0,0
"_codecs_kr.c.xml",347,0,0,0,0,0,0,0,0,0,0,0,0,0,0,0,0,0,0,0,0,0,0,0,0,0,0,0,0,0,0,0,0,0,0,0,0,0,0,0,0,0,0,0,0,0,0,0,0,0,0,0,0,0,0,0
"import_nt.c.xml",59,2,2,1,2,1,1,1,0,1,1,0,0,0,0,0,0,0,2,0,0,0,0,0,0,0,2,0,0,0,0,0,0,0,1,0,0,1,0,0,0,0,0,0,0,0,0,0,0,0,0,0,0,0,0,0
"socketmodule.c.xml",4101,368,302,282,1573,0,64,3.32,7.07,4,1.16,0.39,13,13,2,4,73,12,353,10,5,0,0,0,0,79,324,0,8,48,0,3,0,12,305,126,23,156,13,2,2,9,0,0,0,1,1,0,0,0,0,0,0,0,0,0
"getopt.c.xml",75,2,2,2,6,1,4,2,1.73,1,1,0,0,0,0,0,0,0,2,0,0,0,0,0,0,1,1,0,0,1,0,0,0,0,0,0,0,0,0,0,0,0,0,0,0,0,0,0,0,0,0,0,0,0,0,0
"imgfile.c.xml",411,0,0,0,0,0,0,0,0,0,0,0,0,0,0,0,0,0,0,0,0,0,0,0,0,0,0,0,0,0,0,0,0,0,0,0,0,0,0,0,0,0,0,0,0,0,0,0,0,0,0,0,0,0,0,0
"cursor.c.xml",855,4,3,3,3,0,1,0.75,0.5,2,1.25,0.5,0,0,0,0,1,0,4,0,0,0,0,0,0,2,2,0,0,0,0,0,0,0,3,1,0,2,1,0,0,0,1,0,0,0,0,0,0,0,0,0,0,0,0,0
"yuvconvert.c.xml",101,0,0,0,0,0,0,0,0,0,0,0,0,0,0,0,0,0,0,0,0,0,0,0,0,0,0,0,0,0,0,0,0,0,0,0,0,0,0,0,0,0,0,0,0,0,0,0,0,0,0,0,0,0,0,0
"bitset.h.xml",21,1,1,1,2,1,1,1,0,1,1,0,0,0,0,0,0,0,1,0,0,0,0,0,0,1,1,0,0,0,0,0,0,0,0,0,0,0,0,0,0,0,0,0,0,0,0,0,0,0,0,0,0,0,0,0
"longobject.c.xml",2592,8,6,6,204,1,153,14.57,40.01,2,1.33,0.49,0,0,0,0,2,0,8,0,0,0,0,0,0,3,9,0,1,1,0,0,0,0,6,2,0,4,5,1,4,0,0,0,0,0,0,0,0,0,0,0,0,0,0,0
"ctypes.h.xml",272,12,12,11,37,1,8,2.47,2.33,1,1,0,0,3,0,0,3,0,12,0,0,0,0,0,0,11,0,0,3,0,0,0,1,0,7,3,0,4,3,3,0,0,0,0,0,0,0,0,0,0,0,0,0,0,0,0
"ffi__9.c.xml",233,0,0,0,0,0,0,0,0,0,0,0,0,0,0,0,0,0,0,0,0,0,0,0,0,0,0,0,0,0,0,0,0,0,0,0,0,0,0,0,0,0,0,0,0,0,0,0,0,0,0,0,0,0,0,0
"getplatform.c.xml",8,1,1,1,1,1,1,1,0,1,1,0,0,0,0,0,0,0,1,0,0,0,0,0,0,1,0,0,0,0,0,0,0,0,1,0,0,1,0,0,0,0,0,0,0,0,0,0,0,0,0,0,0,0,0,0
"ffitarget__3.h.xml",8,3,3,4,3,1,1,1,0,1,1,0,2,0,0,1,0,2,3,0,0,0,0,0,0,3,0,0,0,0,0,0,0,0,10,2,5,3,0,0,0,0,0,0,0,0,0,0,0,0,0,0,0,0,0,0
"pythonw.c.xml",8,0,0,0,0,0,0,0,0,0,0,0,0,0,0,0,0,0,0,0,0,0,0,0,0,0,0,0,0,0,0,0,0,0,0,0,0,0,0,0,0,0,0,0,0,0,0,0,0,0,0,0,0,0,0,0
"make_versioninfo.c.xml",17,0,0,0,0,0,0,0,0,0,0,0,0,0,0,0,0,0,0,0,0,0,0,0,0,0,0,0,0,0,0,0,0,0,0,0,0,0,0,0,0,0,0,0,0,0,0,0,0,0,0,0,0,0,0,0
"gzio.c.xml",723,28,12,15,170,0,80,5,13.79,4,1.86,1.24,0,0,0,0,16,0,27,0,1,0,0,0,0,13,12,0,0,9,0,0,0,0,77,36,0,41,0,0,0,0,0,0,0,0,0,0,0,0,0,0,0,0,0,0
"gdbmmodule.c.xml",462,4,4,5,14,1,3,2,1,1,1,0,0,1,0,0,1,0,4,0,0,0,0,0,0,1,0,0,0,3,0,3,0,0,2,1,0,1,0,0,0,0,0,0,0,0,0,0,0,0,0,0,0,0,0,0
"zlib.h.xml",185,2,2,3,5,1,3,1.67,1.15,1,1,0,0,1,0,0,1,0,2,0,0,0,0,0,0,3,0,0,0,0,0,0,0,0,3,1,0,2,0,0,0,0,0,0,0,0,0,0,0,0,0,0,0,0,0,0
"util.c.xml",64,0,0,0,0,0,0,0,0,0,0,0,0,0,0,0,0,0,0,0,0,0,0,0,0,0,0,0,0,0,0,0,0,0,0,0,0,0,0,0,0,0,0,0,0,0,0,0,0,0,0,0,0,0,0,0
"rotatingtree.c.xml",91,0,0,0,0,0,0,0,0,0,0,0,0,0,0,0,0,0,0,0,0,0,0,0,0,0,0,0,0,0,0,0,0,0,0,0,0,0,0,0,0,0,0,0,0,0,0,0,0,0,0,0,0,0,0,0
"config__4.c.xml",45,1,1,1,2,1,1,1,0,1,1,0,0,0,0,0,0,0,1,0,0,0,0,0,0,1,1,0,0,0,0,0,0,0,0,0,0,0,0,0,0,0,0,0,0,0,0,0,0,0,0,0,0,0,0,0
"xmlparse.c.xml",5390,23,19,12,689,0,136,8.72,19.98,2,1.03,0.18,0,0,0,0,7,0,21,1,1,0,0,0,0,21,23,6,2,25,1,1,0,0,29,10,0,19,0,0,0,0,0,0,0,0,0,0,0,0,0,0,0,0,0,0
"zutil.c.xml",262,29,16,26,131,0,42,4.37,9.32,3,1.59,0.8,2,0,0,1,12,1,29,0,0,0,0,0,0,11,19,0,0,0,0,0,0,0,36,18,2,16,1,0,1,0,0,0,0,0,0,0,0,0,0,0,0,0,0,0
"pycfbridge.h.xml",11,0,0,0,0,0,0,0,0,0,0,0,0,0,0,0,0,0,0,0,0,0,0,0,0,0,0,0,0,0,0,0,0,0,0,0,0,0,0,0,0,0,0,0,0,0,0,0,0,0,0,0,0,0,0,0
"weakrefobject.h.xml",31,1,1,1,2,1,1,1,0,1,1,0,0,0,0,0,0,0,1,0,0,0,0,0,0,1,1,0,0,0,0,0,0,0,0,0,0,0,0,0,0,0,0,0,0,0,0,0,0,0,0,0,0,0,0,0
"ffitarget__14.h.xml",21,4,4,3,11,1,8,2.75,3.5,1,1,0,0,0,0,0,0,0,4,0,0,0,0,0,0,4,0,0,0,0,0,0,0,0,2,0,0,2,0,0,0,0,0,0,0,0,0,0,0,0,0,0,0,0,0,0
"xmltok_ns.c.xml",93,3,3,1,6,1,4,2,1.73,1,1,0,0,0,0,0,2,0,3,0,0,0,0,0,0,0,0,0,3,0,0,0,0,0,5,2,0,3,5,0,0,0,0,0,5,0,0,0,0,0,0,0,0,0,0,0
"string_format.h.xml",801,5,5,2,20,1,8,4,3.67,1,1,0,0,0,0,0,0,0,5,0,0,0,0,0,0,1,4,0,0,0,0,0,0,0,2,0,0,2,3,1,0,0,2,0,0,0,0,0,0,0,0,0,0,0,0,0
"thread_foobar.h.xml",75,1,1,1,17,17,17,17,0,1,1,0,0,0,0,0,0,0,1,0,0,0,0,0,0,1,0,0,0,0,0,0,0,0,1,0,0,1,0,0,0,0,0,0,0,0,0,0,0,0,0,0,0,0,0,0
"config__1.c.xml",130,3,2,3,30,1,12,5,5.44,2,1.33,0.52,0,0,0,0,1,0,3,0,0,0,0,0,0,3,0,0,3,0,0,0,0,0,3,1,0,2,0,0,0,0,0,0,0,0,0,0,0,0,0,0,0,0,0,0
"token.h.xml",69,1,1,1,2,1,1,1,0,1,1,0,0,0,0,0,0,0,1,0,0,0,0,0,0,1,1,0,0,0,0,0,0,0,0,0,0,0,0,0,0,0,0,0,0,0,0,0,0,0,0,0,0,0,0,0
"_Qdoffsmodule.c.xml",601,26,1,26,535,1,447,18.45,82.86,2,1.86,0.35,0,0,0,0,25,0,26,0,0,0,0,0,0,2,26,0,1,0,0,0,0,0,75,25,0,50,0,0,0,0,0,0,0,0,0,0,0,0,0,0,0,0,0,0
"ffi__3.c.xml",126,9,3,8,85,1,32,8.5,9.23,3,2.13,0.83,0,2,0,0,6,0,9,0,0,0,0,0,0,2,1,0,0,5,2,0,0,0,52,24,0,28,0,0,0,0,0,0,0,0,0,0,0,0,0,0,0,0,0,0
"_codecs_cn.c.xml",309,3,3,2,5,1,1,1,0,1,1,0,0,0,0,0,0,0,3,0,0,0,0,0,0,1,0,0,0,4,0,0,0,0,1,0,0,1,2,0,0,0,0,0,2,0,0,0,0,0,0,0,0,0,0,0
"getmtime.c.xml",17,1,1,1,2,1,1,1,0,1,1,0,0,0,0,0,0,0,1,0,0,0,0,0,0,1,1,0,0,0,0,0,0,0,0,0,0,0,0,0,0,0,0,0,0,0,0,0,0,0,0,0,0,0,0,0
"mkestrres-errno.h.xml",7,0,0,0,0,0,0,0,0,0,0,0,0,0,0,0,0,0,0,0,0,0,0,0,0,0,0,0,0,0,0,0,0,0,0,0,0,0,0,0,0,0,0,0,0,0,0,0,0,0,0,0,0,0,0,0
"parser.c.xml",300,3,3,2,107,1,51,10.7,17.31,1,1,0,0,0,0,0,0,0,3,0,0,0,0,0,0,6,1,0,0,3,0,0,0,0,1,0,0,1,0,0,0,0,0,0,0,0,0,0,0,0,0,0,0,0,0,0
"bytearrayobject.h.xml",26,1,1,1,2,1,1,1,0,1,1,0,0,0,0,0,0,0,1,0,0,0,0,0,0,1,1,0,0,0,0,0,0,0,0,0,0,0,0,0,0,0,0,0,0,0,0,0,0,0,0,0,0,0,0,0
"_hotshot.c.xml",1260,21,11,15,109,0,22,3.11,4.63,2,1.25,0.44,1,3,1,2,11,2,21,0,0,0,0,0,0,19,11,0,0,3,0,2,0,0,51,19,8,24,1,0,0,1,0,0,0,0,0,0,0,0,0,0,0,0,0,0
"ctypes_dlfcn.h.xml",17,3,2,3,8,1,5,2,2,2,1.25,0.5,0,0,0,0,1,0,3,0,0,0,0,0,0,1,3,0,0,0,0,0,0,0,4,1,0,3,0,0,0,0,0,0,0,0,0,0,0,0,0,0,0,0,0,0
"getcwd.c.xml",64,7,2,5,50,0,24,7.14,10.85,3,2,0.71,0,1,0,0,5,0,7,0,0,0,0,0,0,7,0,0,0,0,0,0,0,0,16,9,0,7,2,0,0,2,0,0,0,0,0,0,0,0,0,0,0,0,0,0
"pyexpatns.h.xml",81,0,0,0,0,0,0,0,0,0,0,0,0,0,0,0,0,0,0,0,0,0,0,0,0,0,0,0,0,0,0,0,0,0,0,0,0,0,0,0,0,0,0,0,0,0,0,0,0,0,0,0,0,0,0,0
"ffitarget__12.h.xml",41,10,4,6,21,1,7,2.1,1.85,3,1.71,0.76,0,1,2,0,2,7,10,0,0,0,0,0,0,6,0,0,4,0,0,0,0,0,36,16,7,13,0,0,0,0,0,0,0,0,0,0,0,0,0,0,0,0,0,0
"statement.c.xml",431,3,2,1,4,0,3,1.33,1.53,2,1.5,0.71,0,0,0,0,1,0,3,0,0,0,0,0,0,0,0,3,0,0,0,0,0,0,2,1,0,1,1,0,0,0,1,0,0,0,0,0,0,0,0,0,0,0,0,0
"dynload_dl.c.xml",15,0,0,0,0,0,0,0,0,0,0,0,0,0,0,0,0,0,0,0,0,0,0,0,0,0,0,0,0,0,0,0,0,0,0,0,0,0,0,0,0,0,0,0,0,0,0,0,0,0,0,0,0,0,0,0
"expat_external.h.xml",58,19,10,15,21,0,2,1.05,0.76,3,1.43,0.65,0,4,0,0,11,0,19,0,0,0,0,0,0,10,10,0,0,0,0,0,0,0,43,21,0,22,2,2,0,0,0,0,0,0,0,0,0,0,0,0,0,0,0,0
"_sre.c.xml",2803,24,4,12,1873,0,1486,34.05,200.1,3,1.9,0.37,1,0,0,0,19,1,22,1,1,0,0,0,0,20,13,0,1,21,0,0,0,0,55,23,1,31,8,4,0,0,4,0,0,0,0,0,0,0,0,0,0,0,0,0
"win32_functions.c.xml",188,0,0,0,0,0,0,0,0,0,0,0,0,0,0,0,0,0,0,0,0,0,0,0,0,0,0,0,0,0,0,0,0,0,0,0,0,0,0,0,0,0,0,0,0,0,0,0,0,0,0,0,0,0,0,0
"firstsets.c.xml",94,0,0,0,0,0,0,0,0,0,0,0,0,0,0,0,0,0,0,0,0,0,0,0,0,0,0,0,0,0,0,0,0,0,0,0,0,0,0,0,0,0,0,0,0,0,0,0,0,0,0,0,0,0,0,0
"pwdmodule.c.xml",165,5,3,4,31,1,22,3.88,7.34,2,1.2,0.45,0,1,0,0,2,0,4,1,0,0,0,0,0,1,6,1,0,0,0,0,0,0,6,4,0,2,0,0,0,0,0,0,0,0,0,0,0,0,0,0,0,0,0,0
"callproc.c.xml",1425,30,14,16,547,1,121,8.97,21.1,3,1.38,0.53,1,2,0,1,18,0,29,0,1,0,0,0,0,18,21,0,4,3,1,2,12,0,38,20,1,17,4,4,0,0,0,0,0,0,0,0,0,0,0,0,0,0,0,0
"thread.c.xml",224,27,20,22,148,0,112,5.1,20.6,3,1.3,0.54,0,1,0,0,7,0,27,0,0,0,0,0,0,26,3,0,0,0,0,0,0,0,22,9,0,13,0,0,0,0,0,0,0,0,0,0,0,0,0,0,0,0,0,0
"cobject.h.xml",23,1,1,1,2,1,1,1,0,1,1,0,0,0,0,0,0,0,1,0,0,0,0,0,0,1,1,0,0,0,0,0,0,0,0,0,0,0,0,0,0,0,0,0,0,0,0,0,0,0,0,0,0,0,0,0
"pydebug.h.xml",26,1,1,1,2,1,1,1,0,1,1,0,0,0,0,0,0,0,1,0,0,0,0,0,0,1,1,0,0,0,0,0,0,0,0,0,0,0,0,0,0,0,0,0,0,0,0,0,0,0,0,0,0,0,0,0
"ffi__12.c.xml",276,8,1,5,252,1,164,21,46.97,3,2.08,0.51,1,0,0,0,6,1,8,0,0,0,0,0,0,5,1,0,0,6,0,0,0,0,20,8,1,11,0,0,0,0,0,0,0,0,0,0,0,0,0,0,0,0,0,0
"codecs.c.xml",648,4,1,2,264,2,186,29.33,59.44,2,1.57,0.53,0,0,0,0,3,0,4,0,0,0,0,0,0,2,0,1,0,6,0,0,0,0,6,3,0,3,0,0,0,0,0,0,0,0,0,0,0,0,0,0,0,0,0,0
"listobject.h.xml",30,1,1,1,2,1,1,1,0,1,1,0,0,0,0,0,0,0,1,0,0,0,0,0,0,1,1,0,0,0,0,0,0,0,0,0,0,0,0,0,0,0,0,0,0,0,0,0,0,0,0,0,0,0,0,0
"xmlrole.c.xml",1215,8,7,6,112,0,53,8,16.39,2,1.1,0.32,0,0,0,0,4,0,8,0,0,0,0,0,0,11,2,0,0,0,0,0,0,1,19,8,0,11,0,0,0,0,0,0,0,0,0,0,0,0,0,0,0,0,0,0
"structseq.h.xml",26,1,1,1,2,1,1,1,0,1,1,0,0,0,0,0,0,0,1,0,0,0,0,0,0,1,1,0,0,0,0,0,0,0,0,0,0,0,0,0,0,0,0,0,0,0,0,0,0,0,0,0,0,0,0,0
"ffi__1.h.xml",188,27,4,15,129,0,71,4.61,13.91,4,2.18,0.95,0,0,0,0,23,0,27,0,0,0,0,0,0,1,25,0,2,0,0,0,0,0,87,39,0,48,19,0,0,0,0,2,19,0,0,0,0,0,0,0,0,0,0,0
"cache.c.xml",280,0,0,0,0,0,0,0,0,0,0,0,0,0,0,0,0,0,0,0,0,0,0,0,0,0,0,0,0,0,0,0,0,0,0,0,0,0,0,0,0,0,0,0,0,0,0,0,0,0,0,0,0,0,0,0
"md5.c.xml",256,9,7,2,22,1,7,2.2,2.1,2,1.14,0.38,0,0,0,0,2,0,9,0,0,0,0,0,0,2,4,0,0,4,0,0,0,0,5,2,0,3,9,0,1,2,3,0,3,0,0,0,0,0,0,0,0,0,0,0
"object.c.xml",1618,13,10,10,336,1,72,12.92,21.18,2,1.17,0.38,0,0,0,0,3,0,12,0,1,0,0,0,0,2,18,0,0,6,0,0,0,0,5,3,0,2,2,0,0,0,2,0,0,0,0,0,0,0,0,0,0,0,0,0
"datetime.h.xml",101,3,3,2,30,1,18,7.5,8.19,1,1,0,0,0,0,0,0,0,3,0,0,0,0,0,0,1,3,0,0,0,0,0,0,0,1,0,0,1,0,0,0,0,0,0,0,0,0,0,0,0,0,0,0,0,0,0
"bz2module.c.xml",1865,18,15,10,78,0,13,2.23,2.41,2,1.04,0.21,0,0,0,0,6,0,17,0,1,0,0,0,0,16,13,0,3,3,0,0,0,0,30,10,0,20,14,4,0,0,10,0,0,0,0,0,0,0,0,0,0,0,0,0
"_json.c.xml",657,2,2,1,117,1,50,23.4,24.95,1,1,0,0,0,0,0,0,0,1,0,1,0,0,0,0,2,0,0,0,3,0,0,0,0,1,0,0,1,0,0,0,0,0,0,0,0,0,0,0,0,0,0,0,0,0,0
"CFMLateImport.h.xml",32,2,2,2,6,1,4,2,1.73,1,1,0,0,0,0,0,0,0,2,0,0,0,0,0,0,2,1,0,0,0,0,0,0,0,1,0,0,1,0,0,0,0,0,0,0,0,0,0,0,0,0,0,0,0,0,0
"connection__1.h.xml",375,0,0,0,0,0,0,0,0,0,0,0,0,0,0,0,0,0,0,0,0,0,0,0,0,0,0,0,0,0,0,0,0,0,0,0,0,0,0,0,0,0,0,0,0,0,0,0,0,0,0,0,0,0,0,0
"extract.c.xml",236,0,0,0,0,0,0,0,0,0,0,0,0,0,0,0,0,0,0,0,0,0,0,0,0,0,0,0,0,0,0,0,0,0,0,0,0,0,0,0,0,0,0,0,0,0,0,0,0,0,0,0,0,0,0,0
"xxmodule.c.xml",274,0,0,0,0,0,0,0,0,0,0,0,0,0,0,0,0,0,0,0,0,0,0,0,0,0,0,0,0,0,0,0,0,0,0,0,0,0,0,0,0,0,0,0,0,0,0,0,0,0,0,0,0,0,0,0
"install.c.xml",1925,3,3,2,154,2,150,51.33,85.45,1,1,0,0,0,0,0,0,0,3,0,0,0,0,0,0,1,0,0,0,2,0,0,0,0,1,0,0,1,0,0,0,0,0,0,0,0,0,0,0,0,0,0,0,0,0,0
"listnode.c.xml",51,0,0,0,0,0,0,0,0,0,0,0,0,0,0,0,0,0,0,0,0,0,0,0,0,0,0,0,0,0,0,0,0,0,0,0,0,0,0,0,0,0,0,0,0,0,0,0,0,0,0,0,0,0,0,0
"parsermodule.c.xml",2414,2,2,1,2,1,1,1,0,1,1,0,0,0,0,0,0,0,2,0,0,0,0,0,0,2,0,0,0,0,0,0,0,0,1,0,0,1,0,0,0,0,0,0,0,0,0,0,0,0,0,0,0,0,0,0
"ffitarget__13.h.xml",14,1,1,1,8,8,8,8,0,1,1,0,0,0,0,0,0,0,1,0,0,0,0,0,0,1,0,0,0,0,0,0,0,0,1,0,0,1,0,0,0,0,0,0,0,0,0,0,0,0,0,0,0,0,0,0
"_randommodule.c.xml",388,0,0,0,0,0,0,0,0,0,0,0,0,0,0,0,0,0,0,0,0,0,0,0,0,0,0,0,0,0,0,0,0,0,0,0,0,0,0,0,0,0,0,0,0,0,0,0,0,0,0,0,0,0,0,0
"bufferobject.h.xml",18,1,1,1,2,1,1,1,0,1,1,0,0,0,0,0,0,0,1,0,0,0,0,0,0,1,1,0,0,0,0,0,0,0,0,0,0,0,0,0,0,0,0,0,0,0,0,0,0,0,0,0,0,0,0,0
"codeobject.c.xml",448,0,0,0,0,0,0,0,0,0,0,0,0,0,0,0,0,0,0,0,0,0,0,0,0,0,0,0,0,0,0,0,0,0,0,0,0,0,0,0,0,0,0,0,0,0,0,0,0,0,0,0,0,0,0,0
"connection.c.xml",1115,2,2,1,2,1,1,1,0,1,1,0,0,0,0,0,0,0,2,0,0,0,0,0,0,0,2,0,0,0,0,0,0,0,1,0,0,1,2,0,0,0,2,0,0,0,0,0,0,0,0,0,0,0,0,0
"_weakref.c.xml",82,0,0,0,0,0,0,0,0,0,0,0,0,0,0,0,0,0,0,0,0,0,0,0,0,0,0,0,0,0,0,0,0,0,0,0,0,0,0,0,0,0,0,0,0,0,0,0,0,0,0,0,0,0,0,0
"prep_cif__1.c.xml",77,5,2,6,15,1,6,3,1.87,2,1.6,0.55,0,3,0,0,5,0,5,0,0,0,0,0,0,0,1,0,0,3,1,0,0,0,25,11,0,14,0,0,0,0,0,0,0,0,0,0,0,0,0,0,0,0,0,0
"_functoolsmodule.c.xml",283,0,0,0,0,0,0,0,0,0,0,0,0,0,0,0,0,0,0,0,0,0,0,0,0,0,0,0,0,0,0,0,0,0,0,0,0,0,0,0,0,0,0,0,0,0,0,0,0,0,0,0,0,0,0,0
"gcmodule.c.xml",854,1,1,0,7,7,7,7,0,1,1,0,0,0,0,0,0,0,1,0,0,0,0,0,0,1,0,0,0,0,0,0,0,0,0,0,0,0,0,0,0,0,0,0,0,0,0,0,0,0,0,0,0,0,0,0
"types__1.c.xml",48,12,10,13,19,1,2,1.58,0.51,2,1.25,0.5,4,0,0,4,0,8,12,0,0,0,0,0,0,12,0,0,0,0,0,0,0,0,85,17,49,19,0,0,0,0,0,0,0,0,0,0,0,0,0,0,0,0,0,0
"pystrcmp.c.xml",19,0,0,0,0,0,0,0,0,0,0,0,0,0,0,0,0,0,0,0,0,0,0,0,0,0,0,0,0,0,0,0,0,0,0,0,0,0,0,0,0,0,0,0,0,0,0,0,0,0,0,0,0,0,0,0
"zconf.in.h.xml",250,65,35,52,121,0,43,1.81,5.36,4,1.57,0.8,5,4,7,3,16,23,65,0,0,0,0,0,0,67,0,0,0,0,0,0,0,0,151,64,37,50,5,0,0,0,5,0,0,0,0,0,0,0,0,0,0,0,0,0
"frameobject.c.xml",642,1,1,1,5,5,5,5,0,1,1,0,0,0,0,0,0,0,1,0,0,0,0,0,0,0,1,0,0,0,0,0,0,0,0,0,0,0,0,0,0,0,0,0,0,0,0,0,0,0,0,0,0,0,0,0
"ffi__2.h.xml",189,28,4,15,128,0,70,4.41,13.51,4,2.22,0.94,0,0,0,0,24,0,28,0,0,0,0,0,0,1,26,0,2,0,0,0,0,0,95,43,0,52,22,0,0,0,0,2,22,0,0,0,0,0,0,0,0,0,0,0
"adler32.c.xml",91,2,2,1,4,2,2,2,0,1,1,0,0,0,0,0,0,0,2,0,0,0,0,0,0,2,0,0,0,0,0,0,0,0,1,0,0,1,0,0,0,0,0,0,0,0,0,0,0,0,0,0,0,0,0,0
"ast.h.xml",9,1,1,1,2,1,1,1,0,1,1,0,0,0,0,0,0,0,1,0,0,0,0,0,0,1,1,0,0,0,0,0,0,0,0,0,0,0,0,0,0,0,0,0,0,0,0,0,0,0,0,0,0,0,0,0
"FileSettings.h.xml",52,0,0,0,0,0,0,0,0,0,0,0,0,0,0,0,0,0,0,0,0,0,0,0,0,0,0,0,0,0,0,0,0,0,0,0,0,0,0,0,0,0,0,0,0,0,0,0,0,0,0,0,0,0,0,0
"icgluemodule.c.xml",322,0,0,0,0,0,0,0,0,0,0,0,0,0,0,0,0,0,0,0,0,0,0,0,0,0,0,0,0,0,0,0,0,0,0,0,0,0,0,0,0,0,0,0,0,0,0,0,0,0,0,0,0,0,0,0
"bytes_methods.h.xml",63,0,0,0,0,0,0,0,0,0,0,0,0,0,0,0,0,0,0,0,0,0,0,0,0,0,0,0,0,0,0,0,0,0,0,0,0,0,0,0,0,0,0,0,0,0,0,0,0,0,0,0,0,0,0,0
"_bisectmodule.c.xml",208,0,0,0,0,0,0,0,0,0,0,0,0,0,0,0,0,0,0,0,0,0,0,0,0,0,0,0,0,0,0,0,0,0,0,0,0,0,0,0,0,0,0,0,0,0,0,0,0,0,0,0,0,0,0,0
"util.h.xml",7,0,0,0,0,0,0,0,0,0,0,0,0,0,0,0,0,0,0,0,0,0,0,0,0,0,0,0,0,0,0,0,0,0,0,0,0,0,0,0,0,0,0,0,0,0,0,0,0,0,0,0,0,0,0,0
"_bsddb.c.xml",5830,69,48,12,1360,0,235,5.51,18.53,2,1.08,0.28,0,3,0,0,24,0,61,0,8,0,0,0,0,25,139,40,0,34,1,0,8,0,55,24,0,31,73,18,3,0,51,0,1,0,0,0,0,0,0,0,0,0,0,0
"_elementtree.c.xml",2017,18,13,6,656,1,507,22.62,93.39,3,1.42,0.58,0,1,0,0,6,0,18,0,0,0,0,0,0,15,7,0,1,1,0,5,0,0,12,7,0,5,11,9,0,0,2,0,0,0,0,0,0,0,0,0,0,0,0,0
"mkestrres-macerrors.h.xml",13,0,0,0,0,0,0,0,0,0,0,0,0,0,0,0,0,0,0,0,0,0,0,0,0,0,0,0,0,0,0,0,0,0,0,0,0,0,0,0,0,0,0,0,0,0,0,0,0,0,0,0,0,0,0,0
"_CGmodule.c.xml",1113,1,1,1,46,2,27,11.5,11.39,1,1,0,0,0,0,0,0,0,1,0,0,0,0,0,0,2,0,0,2,0,0,0,0,0,1,0,0,1,0,0,0,0,0,0,0,0,0,0,0,0,0,0,0,0,0,0
"xmltok.c.xml",1193,23,16,8,233,0,22,5.18,6.13,2,1.17,0.38,0,0,0,0,10,0,23,0,0,0,0,0,0,35,0,0,9,1,0,0,0,0,34,14,0,20,8,0,0,0,0,4,8,0,0,0,0,0,0,0,0,0,0,0
"_Evtmodule.c.xml",472,28,2,27,408,1,373,13.6,67.88,2,1.9,0.31,0,0,0,0,26,0,28,0,0,0,0,0,0,2,28,0,0,0,0,0,0,0,81,26,0,55,0,0,0,0,0,0,0,0,0,0,0,0,0,0,0,0,0,0
"thread_pthread.h.xml",352,32,24,22,222,0,73,5.41,14.77,2,1.2,0.41,6,4,0,3,12,0,32,0,0,0,0,0,0,23,16,0,0,0,0,0,2,0,38,14,3,21,6,1,2,0,1,0,2,4,2,2,0,0,0,0,0,0,0,0
"w9xpopen.c.xml",68,0,0,0,0,0,0,0,0,0,0,0,0,0,0,0,0,0,0,0,0,0,0,0,0,0,0,0,0,0,0,0,0,0,0,0,0,0,0,0,0,0,0,0,0,0,0,0,0,0,0,0,0,0,0,0
"enumobject.c.xml",310,0,0,0,0,0,0,0,0,0,0,0,0,0,0,0,0,0,0,0,0,0,0,0,0,0,0,0,0,0,0,0,0,0,0,0,0,0,0,0,0,0,0,0,0,0,0,0,0,0,0,0,0,0,0,0
"classobject.h.xml",47,1,1,1,2,1,1,1,0,1,1,0,0,0,0,0,0,0,1,0,0,0,0,0,0,1,1,0,0,0,0,0,0,0,0,0,0,0,0,0,0,0,0,0,0,0,0,0,0,0,0,0,0,0,0,0
"getbuildinfo.c.xml",39,8,4,6,6,0,1,0.75,0.46,2,1.33,0.52,0,0,0,0,4,0,8,0,0,0,0,0,0,8,0,0,0,0,0,0,0,0,14,4,0,10,0,0,0,0,0,0,0,0,0,0,0,0,0,0,0,0,0,0
"swimodule.c.xml",547,0,0,0,0,0,0,0,0,0,0,0,0,0,0,0,0,0,0,0,0,0,0,0,0,0,0,0,0,0,0,0,0,0,0,0,0,0,0,0,0,0,0,0,0,0,0,0,0,0,0,0,0,0,0,0
"_winreg.c.xml",1429,6,6,6,16,1,6,2.67,2.58,1,1,0,0,0,0,0,0,0,6,0,0,0,0,0,0,0,4,0,0,2,0,0,0,0,1,0,0,1,2,0,0,0,2,0,0,0,0,0,0,0,0,0,0,0,0,0
"noddy3.c.xml",194,1,1,1,1,1,1,1,0,1,1,0,0,0,0,0,0,0,1,0,0,0,0,0,0,1,0,0,0,0,0,0,0,0,1,0,0,1,0,0,0,0,0,0,0,0,0,0,0,0,0,0,0,0,0,0
"inftrees.h.xml",16,0,0,0,0,0,0,0,0,0,0,0,0,0,0,0,0,0,0,0,0,0,0,0,0,0,0,0,0,0,0,0,0,0,0,0,0,0,0,0,0,0,0,0,0,0,0,0,0,0,0,0,0,0,0,0
"ffi_common.h.xml",64,13,7,8,20,0,6,1.33,1.5,4,1.7,1.06,0,0,0,0,6,0,13,0,0,0,0,0,0,2,13,0,0,0,0,0,0,0,27,10,0,17,0,0,0,0,0,0,0,0,0,0,0,0,0,0,0,0,0,0
"_tkinter.c.xml",2337,40,21,21,458,0,100,6.11,12.5,3,1.34,0.51,2,3,0,1,18,2,39,0,1,0,0,0,0,32,20,0,3,20,0,0,0,0,54,27,3,24,7,1,0,0,0,1,6,0,0,0,0,0,0,0,0,0,0,0
"getpathp.c.xml",463,9,7,6,204,1,105,10.2,23.23,2,1.13,0.35,0,0,0,0,2,0,9,0,0,0,0,0,0,5,12,0,0,3,0,0,0,0,6,2,0,4,0,0,0,0,0,0,0,0,0,0,0,0,0,0,0,0,0,0
"_Dlgmodule.c.xml",1398,61,2,58,1265,1,1174,19.46,145.45,2,1.95,0.21,0,0,0,0,59,0,61,0,0,0,0,0,0,5,58,0,0,2,0,0,0,0,178,59,0,119,0,0,0,0,0,0,0,0,0,0,0,0,0,0,0,0,0,0
"clmodule.c.xml",2326,266,266,265,1072,1,13,4,0.64,1,1,0,0,1,0,0,1,0,266,0,0,0,0,0,0,3,264,0,1,0,0,0,0,0,2,1,0,1,0,0,0,0,0,0,0,0,0,0,0,0,0,0,0,0,0,0
"_Appmodule.c.xml",1634,69,2,68,1488,1,1406,20.96,166.73,2,1.96,0.2,0,0,0,0,67,0,69,0,0,0,0,0,0,2,69,0,0,0,0,0,0,0,204,67,0,137,0,0,0,0,0,0,0,0,0,0,0,0,0,0,0,0,0,0
"cryptmodule.c.xml",30,2,2,1,2,1,1,1,0,1,1,0,0,0,0,0,0,0,2,0,0,0,0,0,0,1,1,0,0,0,0,0,0,0,1,0,0,1,0,0,0,0,0,0,0,0,0,0,0,0,0,0,0,0,0,0
"shamodule.c.xml",538,6,4,3,183,0,85,30.5,40.53,2,1.33,0.58,0,0,0,0,2,0,6,0,0,0,0,0,0,2,4,0,0,0,0,0,0,0,7,2,0,5,2,0,0,0,0,0,2,0,0,0,0,0,0,0,0,0,0,0
"module.c.xml",315,4,4,2,28,1,22,5.6,9.18,1,1,0,0,0,0,0,0,0,4,0,0,0,0,0,0,2,0,0,3,0,0,0,0,0,0,0,0,0,3,0,0,0,3,0,0,0,0,0,0,0,0,0,0,0,0,0
"audioop.c.xml",1241,6,3,4,5,0,2,0.83,0.98,2,1.5,0.58,0,0,0,0,3,0,6,0,0,0,0,0,0,6,0,0,0,0,0,0,0,0,7,3,0,4,6,0,0,0,0,0,6,0,0,0,0,0,0,0,0,0,0,0
"ossaudiodev.c.xml",809,30,28,29,29,0,2,0.97,0.32,2,1.07,0.26,0,0,0,0,3,0,30,0,0,0,0,0,0,6,24,0,0,0,0,0,0,0,9,4,0,5,0,0,0,0,0,0,0,0,0,0,0,0,0,0,0,0,0,0
"deflate.h.xml",132,6,4,4,11,1,2,1.83,0.41,2,1.25,0.5,1,0,0,0,0,2,6,0,0,0,0,0,0,5,0,0,1,0,0,0,0,0,13,2,2,9,0,0,0,0,0,0,0,0,0,0,0,0,0,0,0,0,0,0
"timingmodule.c.xml",40,0,0,0,0,0,0,0,0,0,0,0,0,0,0,0,0,0,0,0,0,0,0,0,0,0,0,0,0,0,0,0,0,0,0,0,0,0,0,0,0,0,0,0,0,0,0,0,0,0,0,0,0,0,0,0
"import.c.xml",2526,36,27,25,388,0,43,6.16,8.62,2,1.19,0.39,0,2,2,0,11,8,35,1,0,0,0,0,0,2,37,0,2,15,2,3,2,0,112,66,8,38,1,0,0,1,0,0,0,0,0,0,0,0,0,0,0,0,0,0
"sigcheck.c.xml",8,0,0,0,0,0,0,0,0,0,0,0,0,0,0,0,0,0,0,0,0,0,0,0,0,0,0,0,0,0,0,0,0,0,0,0,0,0,0,0,0,0,0,0,0,0,0,0,0,0,0,0,0,0,0,0
"longobject.h.xml",51,3,3,3,8,1,5,2,2,1,1,0,0,0,0,0,0,0,3,0,0,0,0,0,0,1,3,0,0,0,0,0,0,0,0,0,0,0,0,0,0,0,0,0,0,0,0,0,0,0,0,0,0,0,0,0
"_AHmodule.c.xml",105,0,0,0,0,0,0,0,0,0,0,0,0,0,0,0,0,0,0,0,0,0,0,0,0,0,0,0,0,0,0,0,0,0,0,0,0,0,0,0,0,0,0,0,0,0,0,0,0,0,0,0,0,0,0,0
"dllentry.c.xml",24,0,0,0,0,0,0,0,0,0,0,0,0,0,0,0,0,0,0,0,0,0,0,0,0,0,0,0,0,0,0,0,0,0,0,0,0,0,0,0,0,0,0,0,0,0,0,0,0,0,0,0,0,0,0,0
"archive.h.xml",76,0,0,0,0,0,0,0,0,0,0,0,0,0,0,0,0,0,0,0,0,0,0,0,0,0,0,0,0,0,0,0,0,0,0,0,0,0,0,0,0,0,0,0,0,0,0,0,0,0,0,0,0,0,0,0
"inflate.h.xml",68,1,1,1,1,1,1,1,0,1,1,0,0,0,0,0,0,0,1,0,0,0,0,0,0,1,0,0,0,0,0,0,0,0,1,0,0,1,0,0,0,0,0,0,0,0,0,0,0,0,0,0,0,0,0,0
"pymemcompat.h.xml",17,2,2,1,11,5,6,5.5,0.71,1,1,0,0,0,0,0,0,0,2,0,0,0,0,0,0,2,0,0,0,0,0,0,0,0,0,0,0,0,2,2,0,0,0,0,0,0,0,0,0,0,0,0,0,0,0,0
"expat.h.xml",399,2,2,2,6,1,4,2,1.73,1,1,0,0,0,0,0,0,0,2,0,0,0,0,0,0,2,1,0,0,0,0,0,0,0,0,0,0,0,0,0,0,0,0,0,0,0,0,0,0,0,0,0,0,0,0,0
"ffitarget__4.h.xml",14,1,1,1,8,8,8,8,0,1,1,0,0,0,0,0,0,0,1,0,0,0,0,0,0,1,0,0,0,0,0,0,0,0,1,0,0,1,0,0,0,0,0,0,0,0,0,0,0,0,0,0,0,0,0,0
"asm.h.xml",41,8,6,3,9,0,1,0.9,0.32,2,1.2,0.45,0,0,0,0,2,0,8,0,0,0,0,0,0,10,0,0,0,0,0,0,0,0,6,2,0,4,0,0,0,0,0,0,0,0,0,0,0,0,0,0,0,0,0,0
"find.h.xml",106,3,3,4,32,1,24,10.67,11.93,1,1,0,0,1,0,0,1,0,3,0,0,0,0,0,0,3,0,0,0,0,0,0,0,0,3,1,0,2,0,0,0,0,0,0,0,0,0,0,0,0,0,0,0,0,0,0
"sysmodule.c.xml",1366,30,25,22,250,1,38,4.9,8.22,2,1.09,0.29,0,0,0,0,9,0,30,0,0,0,0,0,0,13,12,0,15,10,0,1,0,0,29,12,0,17,18,0,0,0,0,0,18,1,0,0,0,1,0,0,0,0,0,0
"acceler.c.xml",102,0,0,0,0,0,0,0,0,0,0,0,0,0,0,0,0,0,0,0,0,0,0,0,0,0,0,0,0,0,0,0,0,0,0,0,0,0,0,0,0,0,0,0,0,0,0,0,0,0,0,0,0,0,0,0
"multibytecodec.h.xml",97,5,5,3,6,1,1,1,0,1,1,0,0,0,0,0,0,0,5,0,0,0,0,0,0,1,5,0,0,0,0,0,0,0,2,0,0,2,0,0,0,0,0,0,0,0,0,0,0,0,0,0,0,0,0,0
"compile.c.xml",3090,1,1,0,25,25,25,25,0,1,1,0,0,0,0,0,0,0,1,0,0,0,0,0,0,1,0,0,0,0,0,0,0,0,0,0,0,0,0,0,0,0,0,0,0,0,0,0,0,0,0,0,0,0,0,0
"deflate.c.xml",1100,20,12,10,456,0,95,10.36,19.58,3,1.3,0.64,0,1,0,0,8,0,16,1,3,0,0,0,0,15,12,0,0,13,1,1,0,0,37,14,0,23,3,0,1,0,0,1,2,0,0,0,0,0,0,0,0,0,0,0
"dynload_next.c.xml",87,2,2,1,21,1,7,4.2,3.03,1,1,0,0,0,0,0,0,0,2,0,0,0,0,0,0,2,3,0,0,0,0,0,0,0,1,0,0,1,0,0,0,0,0,0,0,0,0,0,0,0,0,0,0,0,0,0
"objimpl.h.xml",91,6,4,4,21,0,12,3,4.12,2,1.2,0.45,0,0,0,0,2,0,6,0,0,0,0,0,0,1,6,0,0,0,0,0,0,0,5,2,0,3,0,0,0,0,0,1,0,1,0,1,0,0,0,0,0,1,0,1
"termios.c.xml",822,165,165,164,166,1,2,1.01,0.08,1,1,0,0,2,0,0,2,0,165,0,0,0,0,0,0,6,0,0,159,0,0,0,0,0,4,2,0,2,0,0,0,0,0,0,0,0,0,0,0,0,0,0,0,0,0,0
"getargs.c.xml",1516,14,12,10,179,0,22,4.37,5.74,2,1.13,0.34,0,0,0,0,2,0,9,4,1,0,0,0,0,1,21,0,0,19,0,0,0,0,10,2,0,8,0,0,0,0,0,1,0,0,0,0,0,0,0,0,0,0,0,0
"utf8tab.h.xml",33,0,0,0,0,0,0,0,0,0,0,0,0,0,0,0,0,0,0,0,0,0,0,0,0,0,0,0,0,0,0,0,0,0,0,0,0,0,0,0,0,0,0,0,0,0,0,0,0,0,0,0,0,0,0,0
"thread_beos.h.xml",180,1,1,1,14,14,14,14,0,1,1,0,0,0,0,0,0,0,1,0,0,0,0,0,0,1,0,0,0,0,0,0,0,0,1,0,0,1,0,0,0,0,0,0,0,0,0,0,0,0,0,0,0,0,0,0
"tupleobject.c.xml",823,6,4,4,50,1,13,4.17,4.22,2,1.25,0.45,0,0,0,0,2,0,6,0,0,0,0,0,0,4,4,0,0,4,0,0,0,0,4,2,0,2,3,0,0,3,0,0,0,0,0,0,0,0,0,0,0,0,0,0
"WinMain.c.xml",11,0,0,0,0,0,0,0,0,0,0,0,0,0,0,0,0,0,0,0,0,0,0,0,0,0,0,0,0,0,0,0,0,0,0,0,0,0,0,0,0,0,0,0,0,0,0,0,0,0,0,0,0,0,0,0
"_Ctlmodule.c.xml",5183,218,2,216,4739,1,4490,21.54,302.64,2,1.99,0.12,0,0,0,0,216,0,218,0,0,0,0,0,0,4,216,0,0,0,0,0,0,0,649,216,0,433,0,0,0,0,0,0,0,0,0,0,0,0,0,0,0,0,0,0
"MacOS.c.xml",520,9,8,5,96,1,46,6.86,12.22,2,1.22,0.44,0,0,0,0,3,0,8,1,0,0,0,0,0,2,4,1,0,7,0,0,0,0,12,3,0,9,0,0,0,0,0,0,0,0,0,0,0,0,0,0,0,0,0,0
"ffi__15.c.xml",294,2,2,1,12,1,2,1.2,0.42,1,1,0,0,0,0,0,0,0,0,0,2,0,0,0,0,0,2,0,0,8,0,0,0,0,1,0,0,1,0,0,0,0,0,0,0,0,0,0,0,0,0,0,0,0,0,0
"xmltok_impl.h.xml",41,0,0,0,0,0,0,0,0,0,0,0,0,0,0,0,0,0,0,0,0,0,0,0,0,0,0,0,0,0,0,0,0,0,0,0,0,0,0,0,0,0,0,0,0,0,0,0,0,0,0,0,0,0,0,0
"fpetestmodule.c.xml",111,0,0,0,0,0,0,0,0,0,0,0,0,0,0,0,0,0,0,0,0,0,0,0,0,0,0,0,0,0,0,0,0,0,0,0,0,0,0,0,0,0,0,0,0,0,0,0,0,0,0,0,0,0,0,0
"_ctypes_test.h.xml",2,0,0,0,0,0,0,0,0,0,0,0,0,0,0,0,0,0,0,0,0,0,0,0,0,0,0,0,0,0,0,0,0,0,0,0,0,0,0,0,0,0,0,0,0,0,0,0,0,0,0,0,0,0,0,0
"mmapmodule.c.xml",1174,27,15,19,406,0,126,8.64,21.54,3,1.32,0.57,0,2,0,0,15,0,27,0,0,0,0,0,0,11,22,0,2,12,0,0,0,0,36,20,0,16,2,0,0,2,0,0,0,0,0,0,0,0,0,0,0,0,0,0
"pymactoolbox.h.xml",134,4,4,3,46,1,12,2.71,2.66,1,1,0,0,0,0,0,0,0,4,0,0,0,0,0,0,1,16,0,0,0,0,0,0,0,2,0,0,2,0,0,0,0,0,0,0,0,0,0,0,0,0,0,0,0,0,0
"pythonpm.c.xml",69,0,0,0,0,0,0,0,0,0,0,0,0,0,0,0,0,0,0,0,0,0,0,0,0,0,0,0,0,0,0,0,0,0,0,0,0,0,0,0,0,0,0,0,0,0,0,0,0,0,0,0,0,0,0,0
"dynload_riscos.c.xml",21,0,0,0,0,0,0,0,0,0,0,0,0,0,0,0,0,0,0,0,0,0,0,0,0,0,0,0,0,0,0,0,0,0,0,0,0,0,0,0,0,0,0,0,0,0,0,0,0,0,0,0,0,0,0,0
"stgdict.c.xml",469,6,6,4,7,1,2,1.17,0.41,1,1,0,0,0,0,0,0,0,6,0,0,0,0,0,0,1,2,0,0,0,1,0,2,0,2,0,0,2,2,2,0,0,0,0,0,0,0,0,0,0,0,0,0,0,0,0
"ffi__17.c.xml",591,21,9,10,444,0,104,13.88,27.11,3,1.5,0.67,1,0,1,0,9,3,21,0,0,0,0,0,0,12,12,0,0,8,0,0,0,0,27,16,3,8,7,0,0,1,1,0,5,0,0,0,0,0,0,0,0,0,0,0
"strdup.c.xml",10,0,0,0,0,0,0,0,0,0,0,0,0,0,0,0,0,0,0,0,0,0,0,0,0,0,0,0,0,0,0,0,0,0,0,0,0,0,0,0,0,0,0,0,0,0,0,0,0,0,0,0,0,0,0,0
"ffi__6.c.xml",475,5,3,3,242,1,151,22,44.13,2,1.5,0.53,0,0,0,0,2,0,5,0,0,0,0,0,0,1,3,0,0,5,2,0,0,0,3,2,0,1,0,0,0,0,0,0,0,0,0,0,0,0,0,0,0,0,0,0
"asdl.h.xml",24,3,3,2,3,1,1,1,0,1,1,0,0,0,0,0,0,0,3,0,0,0,0,0,0,3,0,0,0,0,0,0,0,0,2,0,0,2,0,0,0,0,0,0,0,0,0,0,0,0,0,0,0,0,0,0
"almodule.c.xml",2781,209,205,203,2144,0,404,9.4,38.31,2,1.03,0.16,0,0,0,0,4,0,207,1,1,0,0,0,0,9,209,0,8,2,0,0,0,0,9,4,0,5,0,0,0,0,0,0,0,0,0,0,0,0,0,0,0,0,0,0
"module.h.xml",21,0,0,0,0,0,0,0,0,0,0,0,0,0,0,0,0,0,0,0,0,0,0,0,0,0,0,0,0,0,0,0,0,0,0,0,0,0,0,0,0,0,0,0,0,0,0,0,0,0,0,0,0,0,0,0
"_Resmodule.c.xml",1537,58,46,58,362,1,111,5.57,18.52,2,1.18,0.39,0,0,0,0,12,0,58,0,0,0,0,0,0,5,56,0,4,0,0,0,0,0,81,12,0,69,0,0,0,0,0,0,0,0,0,0,0,0,0,0,0,0,0,0
"mappings_hk.h.xml",2369,0,0,0,0,0,0,0,0,0,0,0,0,0,0,0,0,0,0,0,0,0,0,0,0,0,0,0,0,0,0,0,0,0,0,0,0,0,0,0,0,0,0,0,0,0,0,0,0,0,0,0,0,0,0,0
"infback.c.xml",414,3,3,2,28,1,22,9.33,11.15,1,1,0,0,0,0,0,0,0,3,0,0,0,0,0,0,0,2,0,0,1,0,0,0,0,2,0,0,2,0,0,0,0,0,0,0,0,0,0,0,0,0,0,0,0,0,0
"_Helpmodule.c.xml",151,1,1,1,135,1,113,33.75,53.21,1,1,0,0,0,0,0,0,0,1,0,0,0,0,0,0,1,2,0,1,0,0,0,0,0,1,0,0,1,0,0,0,0,0,0,0,0,0,0,0,0,0,0,0,0,0,0
"modsupport.c.xml",508,8,6,7,43,0,22,4.78,7.14,2,1.14,0.38,0,0,0,0,2,0,8,0,0,0,0,0,0,1,4,0,0,4,0,0,0,0,8,2,0,6,0,0,0,0,0,1,0,0,0,0,0,0,0,0,0,0,0,0
"PreferencesWindowController.h.xml",36,0,0,0,0,0,0,0,0,0,0,0,0,0,0,0,0,0,0,0,0,0,0,0,0,0,0,0,0,0,0,0,0,0,0,0,0,0,0,0,0,0,0,0,0,0,0,0,0,0,0,0,0,0,0,0
"getpathp__2.c.xml",336,5,5,4,111,1,79,9.25,22.17,1,1,0,0,0,0,0,0,0,5,0,0,0,0,0,0,4,8,0,0,0,0,0,0,0,2,0,0,2,0,0,0,0,0,0,0,0,0,0,0,0,0,0,0,0,0,0
"unixstuff.h.xml",10,0,0,0,0,0,0,0,0,0,0,0,0,0,0,0,0,0,0,0,0,0,0,0,0,0,0,0,0,0,0,0,0,0,0,0,0,0,0,0,0,0,0,0,0,0,0,0,0,0,0,0,0,0,0,0
"types.c.xml",71,22,12,16,29,0,2,1.32,0.57,2,1.63,0.52,6,0,0,4,0,18,22,0,0,0,0,0,0,22,0,0,0,0,0,0,0,0,168,39,92,37,2,0,0,0,2,0,0,0,0,0,0,0,0,0,0,0,0,0
"_ctypes.c.xml",4354,25,18,14,464,1,66,5.87,10.64,2,1.12,0.33,0,0,0,0,7,0,22,1,2,0,0,0,0,14,30,0,1,14,1,0,19,0,18,7,0,11,7,4,0,0,3,0,0,0,0,0,0,0,0,0,0,0,0,0
"_CFmodule.c.xml",4182,125,125,125,170,1,46,1.36,4.02,1,1,0,0,0,0,0,0,0,125,0,0,0,0,0,0,1,124,0,0,0,0,0,0,0,124,0,0,124,0,0,0,0,0,0,0,0,0,0,0,0,0,0,0,0,0,0
"trees.c.xml",728,15,13,7,155,1,50,5.54,11.81,2,1.09,0.29,2,0,0,2,1,1,14,0,1,0,0,0,0,10,10,0,0,8,0,0,0,0,16,2,3,11,0,0,0,0,0,0,0,0,0,0,0,0,0,0,0,0,0,0
"genobject.c.xml",297,1,1,1,2,2,2,2,0,1,1,0,0,0,0,0,0,0,1,0,0,0,0,0,0,0,1,0,0,0,0,0,0,0,0,0,0,0,0,0,0,0,0,0,0,0,0,0,0,0,0,0,0,0,0,0
"microprotocols.c.xml",74,0,0,0,0,0,0,0,0,0,0,0,0,0,0,0,0,0,0,0,0,0,0,0,0,0,0,0,0,0,0,0,0,0,0,0,0,0,0,0,0,0,0,0,0,0,0,0,0,0,0,0,0,0,0,0
"setuid-prog.c.xml",78,5,5,4,5,1,1,1,0,1,1,0,0,1,0,0,1,0,5,0,0,0,0,0,0,5,0,0,0,0,0,0,0,0,4,1,0,3,0,0,0,0,0,0,0,0,0,0,0,0,0,0,0,0,0,0
"yuv.h.xml",68,1,1,1,2,1,1,1,0,1,1,0,0,0,0,0,0,0,1,0,0,0,0,0,0,2,0,0,0,0,0,0,0,0,0,0,0,0,0,0,0,0,0,0,0,0,0,0,0,0,0,0,0,0,0,0
"parsetok.h.xml",46,2,2,1,4,1,1,1,0,1,1,0,0,0,0,0,0,0,2,0,0,0,0,0,0,1,3,0,0,0,0,0,0,0,0,0,0,0,0,0,0,0,0,0,0,0,0,0,0,0,0,0,0,0,0,0
"methodobject.c.xml",346,1,1,1,1,1,1,1,0,1,1,0,0,0,0,0,0,0,1,0,0,0,0,0,0,1,0,0,0,0,0,0,0,0,1,0,0,1,0,0,0,0,0,0,0,0,0,0,0,0,0,0,0,0,0,0
"count.h.xml",16,1,1,1,1,1,1,1,0,1,1,0,0,0,0,0,0,0,1,0,0,0,0,0,0,1,0,0,0,0,0,0,0,0,1,0,0,1,0,0,0,0,0,0,0,0,0,0,0,0,0,0,0,0,0,0
"frameobject.h.xml",41,1,1,1,2,1,1,1,0,1,1,0,0,0,0,0,0,0,1,0,0,0,0,0,0,1,1,0,0,0,0,0,0,0,0,0,0,0,0,0,0,0,0,0,0,0,0,0,0,0,0,0,0,0,0,0
"import.h.xml",43,1,1,1,2,1,1,1,0,1,1,0,0,0,0,0,0,0,1,0,0,0,0,0,0,1,1,0,0,0,0,0,0,0,0,0,0,0,0,0,0,0,0,0,0,0,0,0,0,0,0,0,0,0,0,0
"ffi_common__2.h.xml",74,15,9,9,35,0,8,1.94,2.6,4,1.64,1.03,0,0,0,0,8,0,15,0,0,0,0,0,0,2,16,0,0,0,0,0,0,0,32,12,0,20,0,0,0,0,0,0,0,0,0,0,0,0,0,0,0,0,0,0
"flmodule.c.xml",1530,2,2,2,30,2,8,6,2.45,1,1,0,0,0,0,0,0,0,2,0,0,0,0,0,0,4,0,0,1,0,0,0,0,0,0,0,0,0,0,0,0,0,0,0,0,0,0,0,0,0,0,0,0,0,0,0
"ffi__1.c.xml",288,8,6,3,96,0,23,6.4,6.83,2,1.09,0.3,0,1,0,0,3,0,8,0,0,0,0,0,0,4,7,0,0,4,0,0,0,0,13,5,0,8,0,0,0,0,0,0,0,0,0,0,0,0,0,0,0,0,0,0
"macconfig.h.xml",13,0,0,0,0,0,0,0,0,0,0,0,0,0,0,0,0,0,0,0,0,0,0,0,0,0,0,0,0,0,0,0,0,0,0,0,0,0,0,0,0,0,0,0,0,0,0,0,0,0,0,0,0,0,0,0
"rangeobject.h.xml",9,1,1,1,2,1,1,1,0,1,1,0,0,0,0,0,0,0,1,0,0,0,0,0,0,1,1,0,0,0,0,0,0,0,0,0,0,0,0,0,0,0,0,0,0,0,0,0,0,0,0,0,0,0,0,0
"ffitarget__16.h.xml",66,15,4,9,35,0,8,2.19,2.29,5,2.17,1.27,2,2,0,2,11,1,15,0,0,0,0,0,0,6,0,0,10,0,0,0,0,0,57,28,3,26,4,0,0,0,0,0,4,0,0,0,0,0,0,0,0,0,0,0
"noddy.c.xml",45,1,1,1,1,1,1,1,0,1,1,0,0,0,0,0,0,0,1,0,0,0,0,0,0,1,0,0,0,0,0,0,0,0,1,0,0,1,0,0,0,0,0,0,0,0,0,0,0,0,0,0,0,0,0,0
"fileobject.h.xml",50,1,1,1,2,1,1,1,0,1,1,0,0,0,0,0,0,0,1,0,0,0,0,0,0,1,1,0,0,0,0,0,0,0,0,0,0,0,0,0,0,0,0,0,0,0,0,0,0,0,0,0,0,0,0,0
"printgrammar.c.xml",93,0,0,0,0,0,0,0,0,0,0,0,0,0,0,0,0,0,0,0,0,0,0,0,0,0,0,0,0,0,0,0,0,0,0,0,0,0,0,0,0,0,0,0,0,0,0,0,0,0,0,0,0,0,0,0
"_msi.c.xml",840,0,0,0,0,0,0,0,0,0,0,0,0,0,0,0,0,0,0,0,0,0,0,0,0,0,0,0,0,0,0,0,0,0,0,0,0,0,0,0,0,0,0,0,0,0,0,0,0,0,0,0,0,0,0,0
"puremodule.c.xml",662,14,13,12,534,1,295,29.67,72.03,2,1.13,0.34,3,0,0,3,1,0,14,0,0,0,0,0,0,7,7,0,4,0,0,0,0,0,6,1,3,2,0,0,0,0,0,0,0,0,0,0,0,0,0,0,0,0,0,0
"_Filemodule.c.xml",2849,7,5,3,1430,1,478,36.67,98.82,2,1.06,0.25,0,0,0,0,2,0,5,0,2,0,0,0,0,16,14,0,3,0,0,0,6,0,10,2,0,8,0,0,0,0,0,0,0,0,0,0,0,0,0,0,0,0,0,0
"asciitab.h.xml",33,0,0,0,0,0,0,0,0,0,0,0,0,0,0,0,0,0,0,0,0,0,0,0,0,0,0,0,0,0,0,0,0,0,0,0,0,0,0,0,0,0,0,0,0,0,0,0,0,0,0,0,0,0,0,0
"_OSAmodule.c.xml",775,30,30,30,33,1,4,1.1,0.55,1,1,0,0,0,0,0,0,0,30,0,0,0,0,0,0,2,28,0,0,0,0,0,0,0,28,0,0,28,1,1,0,0,0,0,0,0,0,0,0,0,0,0,0,0,0,0
"compress.c.xml",46,1,1,1,1,1,1,1,0,1,1,0,0,0,0,0,0,0,1,0,0,0,0,0,0,0,1,0,0,0,0,0,0,0,0,0,0,0,0,0,0,0,0,0,0,0,0,0,0,0,0,0,0,0,0,0
"_heapqmodule.c.xml",565,0,0,0,0,0,0,0,0,0,0,0,0,0,0,0,0,0,0,0,0,0,0,0,0,0,0,0,0,0,0,0,0,0,0,0,0,0,0,0,0,0,0,0,0,0,0,0,0,0,0,0,0,0,0,0
"pyarena.h.xml",12,1,1,1,2,1,1,1,0,1,1,0,0,0,0,0,0,0,1,0,0,0,0,0,0,1,1,0,0,0,0,0,0,0,0,0,0,0,0,0,0,0,0,0,0,0,0,0,0,0,0,0,0,0,0,0
"zconf.h.xml",250,65,35,52,121,0,43,1.81,5.36,4,1.57,0.8,5,4,7,3,16,23,65,0,0,0,0,0,0,67,0,0,0,0,0,0,0,0,151,64,37,50,5,0,0,0,5,0,0,0,0,0,0,0,0,0,0,0,0,0
"_codecs_jp.c.xml",557,3,3,1,27,1,11,3.38,3.38,1,1,0,0,0,0,0,0,0,3,0,0,0,0,0,0,0,0,0,0,8,0,0,0,0,2,0,0,2,0,0,0,0,0,0,0,0,0,0,0,0,0,0,0,0,0,0
"intobject.c.xml",1071,11,10,7,128,1,35,7.53,9.77,2,1.06,0.25,0,0,0,0,1,0,11,0,0,0,0,0,0,7,7,0,1,2,0,0,0,0,5,1,0,4,4,0,0,2,0,1,2,2,2,0,0,0,0,0,0,0,0,0
"ppc-darwin.h.xml",61,2,1,2,28,8,20,14,8.49,2,1.5,0.71,0,0,0,0,1,0,2,0,0,0,0,0,0,2,0,0,0,0,0,0,0,0,3,1,0,2,0,0,0,0,0,0,0,0,0,0,0,0,0,0,0,0,0,0
"unicodectype.c.xml",685,3,3,2,227,1,67,5.82,10.73,1,1,0,0,0,0,0,0,0,3,0,0,0,0,0,0,2,1,0,0,36,0,0,0,0,3,0,0,3,0,0,0,0,0,0,0,0,0,0,0,0,0,0,0,0,0,0
"floatobject.h.xml",37,2,2,2,3,1,1,1,0,1,1,0,0,0,0,0,0,0,2,0,0,0,0,0,0,1,2,0,0,0,0,0,0,0,0,0,0,0,0,0,0,0,0,0,0,0,0,0,0,0,0,0,0,0,0,0
"xmlrole.h.xml",96,3,3,3,10,1,3,1.67,1.03,1,1,0,0,0,0,0,0,0,3,0,0,0,0,0,0,2,2,0,2,0,0,0,0,0,0,0,0,0,0,0,0,0,0,0,0,0,0,0,0,0,0,0,0,0,0,0
"ffitarget__1.h.xml",30,6,4,4,16,1,7,2.29,2.14,2,1.4,0.55,0,1,0,0,3,0,6,0,0,0,0,0,0,6,0,0,1,0,0,0,0,0,10,3,0,7,0,0,0,0,0,0,0,0,0,0,0,0,0,0,0,0,0,0
"getaddrinfo.c.xml",484,11,11,7,85,1,15,2.93,3.36,1,1,0,0,1,0,0,1,0,10,0,1,0,0,0,0,10,10,0,2,7,0,0,0,0,7,1,0,6,0,0,0,0,0,0,0,0,0,0,0,0,0,0,0,0,0,0
"kill_python__1.c.xml",100,2,2,1,8,4,4,4,0,1,1,0,0,0,0,0,0,0,2,0,0,0,0,0,0,2,0,0,0,0,0,0,0,0,1,0,0,1,0,0,0,0,0,0,0,0,0,0,0,0,0,0,0,0,0,0
"formatter_string.c.xml",8,0,0,0,0,0,0,0,0,0,0,0,0,0,0,0,0,0,0,0,0,0,0,0,0,0,0,0,0,0,0,0,0,0,0,0,0,0,0,0,0,0,0,0,0,0,0,0,0,0,0,0,0,0,0,0
"thread_lwp.h.xml",104,1,1,1,15,15,15,15,0,1,1,0,0,0,0,0,0,0,1,0,0,0,0,0,0,1,0,0,0,0,0,0,0,0,1,0,0,1,0,0,0,0,0,0,0,0,0,0,0,0,0,0,0,0,0,0
"msvcrtmodule.c.xml",234,6,5,5,62,0,14,6.2,5.2,2,1.1,0.32,0,0,0,0,1,0,6,0,0,0,0,0,0,6,3,0,1,0,0,0,0,0,1,1,0,0,1,0,0,0,1,0,0,0,0,0,0,0,0,0,0,0,0,0
"thread_sgi.h.xml",305,4,3,3,97,1,19,6.47,6.13,2,1.07,0.26,0,0,0,0,1,0,4,0,0,0,0,0,0,3,7,0,0,5,0,0,0,0,3,1,0,2,0,0,0,0,0,0,0,0,0,0,0,0,0,0,0,0,0,0
"row.h.xml",9,0,0,0,0,0,0,0,0,0,0,0,0,0,0,0,0,0,0,0,0,0,0,0,0,0,0,0,0,0,0,0,0,0,0,0,0,0,0,0,0,0,0,0,0,0,0,0,0,0,0,0,0,0,0,0
"strtod.c.xml",90,1,1,1,1,1,1,1,0,1,1,0,0,0,0,0,0,0,1,0,0,0,0,0,0,1,0,0,0,0,0,0,0,0,0,0,0,0,0,0,0,0,0,0,0,0,0,0,0,0,0,0,0,0,0,0
"structmember.h.xml",54,3,3,3,5,1,2,1.25,0.5,1,1,0,0,0,0,0,0,0,3,0,0,0,0,0,0,1,3,0,0,0,0,0,0,0,1,0,0,1,0,0,0,0,0,0,0,0,0,0,0,0,0,0,0,0,0,0
"sliceobject.c.xml",275,0,0,0,0,0,0,0,0,0,0,0,0,0,0,0,0,0,0,0,0,0,0,0,0,0,0,0,0,0,0,0,0,0,0,0,0,0,0,0,0,0,0,0,0,0,0,0,0,0,0,0,0,0,0,0
"zipimport.c.xml",923,4,4,3,29,1,10,4.83,3.66,1,1,0,0,0,0,0,0,0,4,0,0,0,0,0,0,0,4,0,0,2,0,0,0,0,3,0,0,3,1,0,0,1,0,0,0,0,0,0,0,0,0,0,0,0,0,0
"pysvr.c.xml",283,2,2,2,3,1,2,1.5,0.71,1,1,0,0,0,0,0,0,0,2,0,0,0,0,0,0,1,1,0,0,0,0,0,0,0,1,0,0,1,0,0,0,0,0,0,0,0,0,0,0,0,0,0,0,0,0,0
"parsetok.c.xml",215,3,3,2,18,0,10,3.6,4.28,1,1,0,0,0,0,0,0,0,3,0,0,0,0,0,0,1,2,0,0,2,0,0,0,0,0,0,0,0,0,0,0,0,0,0,0,0,0,0,0,0,0,0,0,0,0,0
"make_buildinfo__2.c.xml",66,0,0,0,0,0,0,0,0,0,0,0,0,0,0,0,0,0,0,0,0,0,0,0,0,0,0,0,0,0,0,0,0,0,0,0,0,0,0,0,0,0,0,0,0,0,0,0,0,0,0,0,0,0,0,0
"bltinmodule.c.xml",2366,14,12,11,239,1,92,9.96,22.22,2,1.06,0.24,0,2,0,0,7,0,13,0,1,0,0,0,0,7,13,0,1,3,0,0,0,0,27,13,0,14,0,0,0,0,0,0,0,0,0,0,0,0,0,0,0,0,0,0
"zlibmodule.c.xml",771,5,5,3,89,1,76,11.13,26.23,1,1,0,0,0,0,0,0,0,5,0,0,0,0,0,0,5,1,0,2,0,0,0,0,0,2,0,0,2,2,0,0,0,2,0,0,0,0,0,0,0,0,0,0,0,0,0
"typestruct.h.xml",47,0,0,0,0,0,0,0,0,0,0,0,0,0,0,0,0,0,0,0,0,0,0,0,0,0,0,0,0,0,0,0,0,0,0,0,0,0,0,0,0,0,0,0,0,0,0,0,0,0,0,0,0,0,0,0
"_Sndmodule.c.xml",973,1,1,1,955,1,824,191,354.74,1,1,0,0,0,0,0,0,0,1,0,0,0,0,0,0,2,2,0,1,0,0,0,0,0,1,0,0,1,0,0,0,0,0,0,0,0,0,0,0,0,0,0,0,0,0,0
"metagrammar.c.xml",154,0,0,0,0,0,0,0,0,0,0,0,0,0,0,0,0,0,0,0,0,0,0,0,0,0,0,0,0,0,0,0,0,0,0,0,0,0,0,0,0,0,0,0,0,0,0,0,0,0,0,0,0,0,0,0
"socket_connection.c.xml",124,2,2,1,6,3,3,3,0,1,1,0,0,0,0,0,0,0,2,0,0,0,0,0,0,2,0,0,0,0,0,0,0,0,1,0,0,1,0,0,0,0,0,0,0,0,0,0,0,0,0,0,0,0,0,0
"md5.h.xml",17,1,1,1,2,1,1,1,0,1,1,0,0,0,0,0,0,0,1,0,0,0,0,0,0,1,1,0,0,0,0,0,0,0,0,0,0,0,0,0,0,0,0,0,0,0,0,0,0,0,0,0,0,0,0,0
"ppc-ffitarget.h.xml",57,12,5,8,32,0,8,2.46,2.22,3,1.7,0.67,1,0,1,0,8,2,12,0,0,0,0,0,0,7,0,0,6,0,0,0,0,0,27,13,2,12,0,0,0,0,0,0,0,0,0,0,0,0,0,0,0,0,0,0
"thread_cthread.h.xml",108,5,5,3,25,1,21,5,8.94,1,1,0,0,0,0,0,0,0,5,0,0,0,0,0,0,3,2,0,0,0,0,0,0,0,4,0,0,4,0,0,0,0,0,0,0,0,0,0,0,0,0,0,0,0,0,0
"cdmodule.c.xml",612,3,3,2,5,1,2,1.67,0.58,1,1,0,0,0,0,0,0,0,3,0,0,0,0,0,0,0,3,0,0,0,0,0,0,0,1,0,0,1,0,0,0,0,0,0,0,0,0,0,0,0,0,0,0,0,0,0
"ffi.c.xml",195,0,0,0,0,0,0,0,0,0,0,0,0,0,0,0,0,0,0,0,0,0,0,0,0,0,0,0,0,0,0,0,0,0,0,0,0,0,0,0,0,0,0,0,0,0,0,0,0,0,0,0,0,0,0,0
"_Scrapmodule.c.xml",287,1,1,1,271,1,251,67.75,122.23,1,1,0,0,0,0,0,0,0,1,0,0,0,0,0,0,1,2,0,1,0,0,0,0,0,1,0,0,1,0,0,0,0,0,0,0,0,0,0,0,0,0,0,0,0,0,0
"marshal.h.xml",16,1,1,1,2,1,1,1,0,1,1,0,0,0,0,0,0,0,1,0,0,0,0,0,0,1,1,0,0,0,0,0,0,0,0,0,0,0,0,0,0,0,0,0,0,0,0,0,0,0,0,0,0,0,0,0
"complexobject.h.xml",37,1,1,1,2,1,1,1,0,1,1,0,0,0,0,0,0,0,1,0,0,0,0,0,0,1,1,0,0,0,0,0,0,0,0,0,0,0,0,0,0,0,0,0,0,0,0,0,0,0,0,0,0,0,0,0
"thread_solaris.h.xml",128,1,1,1,21,21,21,21,0,1,1,0,0,0,0,0,0,0,1,0,0,0,0,0,0,1,0,0,0,0,0,0,0,0,1,0,0,1,0,0,0,0,0,0,0,0,0,0,0,0,0,0,0,0,0,0
"itertoolsmodule.c.xml",2948,0,0,0,0,0,0,0,0,0,0,0,0,0,0,0,0,0,0,0,0,0,0,0,0,0,0,0,0,0,0,0,0,0,0,0,0,0,0,0,0,0,0,0,0,0,0,0,0,0,0,0,0,0,0,0
"pygetopt.h.xml",11,1,1,1,2,1,1,1,0,1,1,0,0,0,0,0,0,0,1,0,0,0,0,0,0,1,1,0,0,0,0,0,0,0,0,0,0,0,0,0,0,0,0,0,0,0,0,0,0,0,0,0,0,0,0,0
"unicodename_db.h.xml",15226,0,0,0,0,0,0,0,0,0,0,0,0,0,0,0,0,0,0,0,0,0,0,0,0,0,0,0,0,0,0,0,0,0,0,0,0,0,0,0,0,0,0,0,0,0,0,0,0,0,0,0,0,0,0,0
"dlfcn_simple.c.xml",175,7,1,6,151,1,113,18.88,38.42,2,1.86,0.38,0,0,0,0,6,0,7,0,0,0,0,0,0,7,0,0,0,1,0,0,0,0,9,6,0,3,4,3,0,0,1,0,0,0,0,0,0,0,0,0,0,0,0,0
"sysmodule.h.xml",21,1,1,1,2,1,1,1,0,1,1,0,0,0,0,0,0,0,1,0,0,0,0,0,0,1,1,0,0,0,0,0,0,0,0,0,0,0,0,0,0,0,0,0,0,0,0,0,0,0,0,0,0,0,0,0
"prepare_protocol.c.xml",53,0,0,0,0,0,0,0,0,0,0,0,0,0,0,0,0,0,0,0,0,0,0,0,0,0,0,0,0,0,0,0,0,0,0,0,0,0,0,0,0,0,0,0,0,0,0,0,0,0,0,0,0,0,0,0
"grpmodule.c.xml",161,2,2,1,8,2,6,4,2.83,1,1,0,0,0,0,0,0,0,2,0,0,0,0,0,0,0,2,0,0,0,0,0,0,0,1,0,0,1,0,0,0,0,0,0,0,0,0,0,0,0,0,0,0,0,0,0
"warnings.h.xml",13,1,1,1,2,1,1,1,0,1,1,0,0,0,0,0,0,0,1,0,0,0,0,0,0,1,1,0,0,0,0,0,0,0,0,0,0,0,0,0,0,0,0,0,0,0,0,0,0,0,0,0,0,0,0,0
"dynload_atheos.c.xml",36,0,0,0,0,0,0,0,0,0,0,0,0,0,0,0,0,0,0,0,0,0,0,0,0,0,0,0,0,0,0,0,0,0,0,0,0,0,0,0,0,0,0,0,0,0,0,0,0,0,0,0,0,0,0,0
"thread_pth.h.xml",132,1,1,1,14,14,14,14,0,1,1,0,0,0,0,0,0,0,1,0,0,0,0,0,0,1,0,0,0,0,0,0,0,0,1,0,0,1,0,0,0,0,0,0,0,0,0,0,0,0,0,0,0,0,0,0
"multiprocessing.c.xml",213,10,9,6,117,0,58,9,15.58,2,1.09,0.3,1,0,0,1,1,0,10,0,0,0,0,0,0,3,7,0,1,2,0,0,0,0,4,1,1,2,0,0,0,0,0,0,0,0,0,0,0,0,0,0,0,0,0,0
"CFMLateImport.c.xml",743,4,4,5,14,1,3,1.56,0.88,1,1,0,1,0,0,0,0,1,4,0,0,0,0,0,0,3,0,0,0,6,0,0,0,0,6,1,1,4,0,0,0,0,0,0,0,0,0,0,0,0,0,0,0,0,0,0
"bytes_methods.c.xml",473,0,0,0,0,0,0,0,0,0,0,0,0,0,0,0,0,0,0,0,0,0,0,0,0,0,0,0,0,0,0,0,0,0,0,0,0,0,0,0,0,0,0,0,0,0,0,0,0,0,0,0,0,0,0,0
"datetimemodule.c.xml",3391,6,4,4,17,1,10,2.83,3.6,2,1.25,0.5,0,0,0,0,2,0,6,0,0,0,0,0,0,2,4,0,0,0,0,0,0,0,5,2,0,3,1,1,0,0,0,0,0,0,0,0,0,0,0,0,0,0,0,0
"traceback.c.xml",249,0,0,0,0,0,0,0,0,0,0,0,0,0,0,0,0,0,0,0,0,0,0,0,0,0,0,0,0,0,0,0,0,0,0,0,0,0,0,0,0,0,0,0,0,0,0,0,0,0,0,0,0,0,0,0
"frozenmain.c.xml",50,1,1,1,6,1,3,1.5,1,1,1,0,0,0,0,0,0,0,1,0,0,0,0,0,0,1,3,0,0,0,0,0,0,0,0,0,0,0,0,0,0,0,0,0,0,0,0,0,0,0,0,0,0,0,0,0
"_ctypes_test.c.xml",661,8,7,6,182,0,56,12.13,18.16,2,1.07,0.27,1,1,0,2,2,0,8,0,0,0,0,0,0,15,0,0,0,0,0,0,0,0,9,2,2,5,0,0,0,0,0,0,0,0,0,0,0,0,0,0,0,0,0,0
"signalmodule.c.xml",732,58,53,57,293,0,28,4.01,5.09,2,1.03,0.17,1,1,0,1,6,0,57,0,1,0,0,0,0,16,50,0,5,2,0,0,0,0,25,11,1,13,0,0,0,0,0,0,0,0,0,0,0,0,0,0,0,0,0,0
"ffi__10.c.xml",519,7,7,3,129,1,29,4.3,5.57,1,1,0,0,0,0,0,0,0,5,0,2,0,0,0,0,6,10,0,0,14,0,0,0,0,4,0,0,4,0,0,0,0,0,0,0,0,0,0,0,0,0,0,0,0,0,0
"pgen.h.xml",10,1,1,1,2,1,1,1,0,1,1,0,0,0,0,0,0,0,1,0,0,0,0,0,0,1,1,0,0,0,0,0,0,0,0,0,0,0,0,0,0,0,0,0,0,0,0,0,0,0,0,0,0,0,0,0
"unicodedata_db.h.xml",5494,0,0,0,0,0,0,0,0,0,0,0,0,0,0,0,0,0,0,0,0,0,0,0,0,0,0,0,0,0,0,0,0,0,0,0,0,0,0,0,0,0,0,0,0,0,0,0,0,0,0,0,0,0,0,0
"svmodule.c.xml",741,1,1,1,11,1,10,5.5,6.36,1,1,0,0,0,0,0,0,0,1,0,0,0,0,0,0,1,0,0,1,0,0,0,0,0,0,0,0,0,0,0,0,0,0,0,0,0,0,0,0,0,0,0,0,0,0,0
"x86-ffi_darwin.c.xml",351,6,1,4,330,1,201,33,63.12,3,2.1,0.57,2,1,0,0,4,1,6,0,0,0,0,0,0,5,0,0,0,5,0,0,0,0,12,7,1,4,0,0,0,0,0,0,0,0,0,0,0,0,0,0,0,0,0,0
"run-func.c.xml",55,0,0,0,0,0,0,0,0,0,0,0,0,0,0,0,0,0,0,0,0,0,0,0,0,0,0,0,0,0,0,0,0,0,0,0,0,0,0,0,0,0,0,0,0,0,0,0,0,0,0,0,0,0,0,0
"errors.c.xml",577,13,9,7,149,0,70,7.84,16.39,2,1.25,0.45,0,0,0,0,4,0,13,0,0,0,0,0,0,4,13,0,0,2,0,0,0,0,14,4,0,10,0,0,0,0,0,0,0,0,0,0,0,0,0,0,0,0,0,0
"_fileio.c.xml",725,19,12,13,109,1,28,3.89,5.88,2,1.24,0.44,2,1,0,2,8,0,19,0,0,0,0,0,0,5,11,2,1,7,0,0,0,2,19,9,2,8,0,0,0,0,0,3,0,0,0,0,0,0,0,0,0,0,0,0
"py_curses.h.xml",73,19,7,15,23,0,6,1.1,1.18,4,2.17,1.2,0,0,0,0,12,0,19,0,0,0,0,0,0,18,3,0,0,0,0,0,0,0,36,23,0,13,6,0,0,0,6,0,0,0,0,0,0,0,0,0,0,0,0,0
"example.c.xml",411,5,5,4,67,1,62,13.4,27.17,1,1,0,1,0,0,2,0,0,5,0,0,0,0,0,0,3,2,0,0,0,0,0,0,0,4,0,2,2,0,0,0,0,0,0,0,0,0,0,0,0,0,0,0,0,0,0
"cjkcodecs.h.xml",218,6,6,3,59,1,30,7.38,11.45,1,1,0,0,0,0,0,0,0,6,0,0,0,0,0,0,8,0,0,0,0,0,0,0,0,2,0,0,2,4,0,0,0,0,0,4,0,0,0,0,0,0,0,0,0,0,0
"Nav.c.xml",786,3,3,1,56,1,30,4.31,8.11,1,1,0,0,0,0,0,0,0,3,0,0,0,0,0,0,1,3,0,1,2,0,0,6,0,3,0,0,3,0,0,0,0,0,0,0,0,0,0,0,0,0,0,0,0,0,0
"riscosmodule.c.xml",511,50,50,50,50,1,1,1,0,1,1,0,0,0,0,0,0,0,50,0,0,0,0,0,0,0,50,0,0,0,0,0,0,0,0,0,0,0,0,0,0,0,0,0,0,0,0,0,0,0,0,0,0,0,0,0
"modsupport.h.xml",57,8,6,6,14,0,7,1.56,2.13,2,1.14,0.38,0,0,0,0,2,0,8,0,0,0,0,0,0,1,8,0,0,0,0,0,0,0,7,2,0,5,0,0,0,0,0,3,0,0,0,0,0,0,0,0,0,0,0,0
"moduleobject.c.xml",209,0,0,0,0,0,0,0,0,0,0,0,0,0,0,0,0,0,0,0,0,0,0,0,0,0,0,0,0,0,0,0,0,0,0,0,0,0,0,0,0,0,0,0,0,0,0,0,0,0,0,0,0,0,0,0
"threadmodule.c.xml",578,2,2,2,13,2,8,4.33,3.21,1,1,0,0,0,0,0,0,0,2,0,0,0,0,0,0,2,0,0,1,0,0,0,0,0,2,0,0,2,0,0,0,0,0,0,0,0,0,0,0,0,0,0,0,0,0,0
"_ssl.c.xml",1278,9,9,7,124,1,48,8.86,15.05,1,1,0,0,0,0,0,1,0,9,0,0,0,0,0,0,9,3,0,1,0,0,0,0,1,5,1,0,4,2,0,0,0,2,0,0,0,0,0,0,0,0,0,0,0,0,0
"stringobject.c.xml",4199,16,14,9,214,0,39,4.12,6.3,2,1.02,0.15,0,0,0,0,2,0,13,0,3,0,0,0,0,3,16,0,0,31,0,0,2,0,13,2,0,11,0,0,0,0,0,0,0,0,0,0,0,0,0,0,0,0,0,0
"ffi_darwin.c.xml",459,2,2,3,51,4,17,10.2,5.89,1,1,0,0,0,0,0,0,0,2,0,0,0,0,0,0,0,1,0,0,4,0,0,0,0,2,0,0,2,0,0,0,0,0,1,0,0,0,0,0,0,0,0,0,0,0,0
"floatobject.c.xml",1814,10,10,7,100,1,21,5.88,5.42,1,1,0,0,0,0,0,0,0,9,0,1,0,0,0,0,3,9,0,1,4,0,0,0,0,2,0,0,2,5,0,0,1,0,0,4,0,0,0,0,0,0,0,0,0,0,0
"MyDocument.h.xml",31,0,0,0,0,0,0,0,0,0,0,0,0,0,0,0,0,0,0,0,0,0,0,0,0,0,0,0,0,0,0,0,0,0,0,0,0,0,0,0,0,0,0,0,0,0,0,0,0,0,0,0,0,0,0,0
"localeutil.h.xml",60,2,2,1,6,1,5,3,2.83,1,1,0,0,0,0,0,0,0,2,0,0,0,0,0,0,0,0,0,0,2,0,0,0,0,1,0,0,1,0,0,0,0,0,0,0,0,0,0,0,0,0,0,0,0,0,0
"winconfig.h.xml",11,0,0,0,0,0,0,0,0,0,0,0,0,0,0,0,0,0,0,0,0,0,0,0,0,0,0,0,0,0,0,0,0,0,0,0,0,0,0,0,0,0,0,0,0,0,0,0,0,0,0,0,0,0,0,0
"xmltok.h.xml",196,3,3,2,7,1,1,1,0,1,1,0,0,0,0,0,0,0,3,0,0,0,0,0,0,3,4,0,0,0,0,0,0,0,1,0,0,1,0,0,0,0,0,0,0,0,0,0,0,0,0,0,0,0,0,0
"fcntlmodule.c.xml",525,51,45,47,143,1,33,2.65,5.95,2,1.12,0.33,0,1,0,0,8,0,51,0,0,0,0,0,0,2,45,0,0,4,0,1,0,2,23,11,0,12,0,0,0,0,0,0,0,0,0,0,0,0,0,0,0,0,0,0
"complexobject.c.xml",987,4,2,3,972,1,943,162,382.65,2,1.67,0.52,0,0,0,0,2,0,4,0,0,0,0,0,0,3,1,0,1,1,0,0,0,0,5,2,0,3,0,0,0,0,0,0,0,0,0,0,0,0,0,0,0,0,0,0
"_codecs_hk.c.xml",137,0,0,0,0,0,0,0,0,0,0,0,0,0,0,0,0,0,0,0,0,0,0,0,0,0,0,0,0,0,0,0,0,0,0,0,0,0,0,0,0,0,0,0,0,0,0,0,0,0,0,0,0,0,0,0
"funcobject.c.xml",717,0,0,0,0,0,0,0,0,0,0,0,0,0,0,0,0,0,0,0,0,0,0,0,0,0,0,0,0,0,0,0,0,0,0,0,0,0,0,0,0,0,0,0,0,0,0,0,0,0,0,0,0,0,0,0
"pyexpat.h.xml",36,0,0,0,0,0,0,0,0,0,0,0,0,0,0,0,0,0,0,0,0,0,0,0,0,0,0,0,0,0,0,0,0,0,0,0,0,0,0,0,0,0,0,0,0,0,0,0,0,0,0,0,0,0,0,0
"pystrtod.h.xml",10,1,1,1,2,1,1,1,0,1,1,0,0,0,0,0,0,0,1,0,0,0,0,0,0,1,1,0,0,0,0,0,0,0,0,0,0,0,0,0,0,0,0,0,0,0,0,0,0,0,0,0,0,0,0,0
"_Cmmodule.c.xml",792,32,28,32,95,1,36,2.71,6.28,2,1.11,0.32,0,0,0,0,4,0,32,0,0,0,0,0,0,3,30,0,2,0,0,0,0,0,39,4,0,35,0,0,0,0,0,0,0,0,0,0,0,0,0,0,0,0,0,0
"fficonfig.h.xml",69,14,8,8,32,0,6,2.29,2.23,2,1.5,0.55,0,0,0,0,10,0,14,0,0,0,0,0,0,14,0,0,0,0,0,0,0,0,40,19,0,21,2,0,0,0,2,0,0,0,0,0,0,0,0,0,0,0,0,0
"typeobject.c.xml",4921,3,3,3,41,1,29,8.2,11.86,1,1,0,0,0,0,0,0,0,3,0,0,0,0,0,0,1,2,0,0,2,0,0,0,0,0,0,0,0,0,0,0,0,0,0,0,0,0,0,0,0,0,0,0,0,0,0
"node.c.xml",77,0,0,0,0,0,0,0,0,0,0,0,0,0,0,0,0,0,0,0,0,0,0,0,0,0,0,0,0,0,0,0,0,0,0,0,0,0,0,0,0,0,0,0,0,0,0,0,0,0,0,0,0,0,0,0
"pymath.c.xml",130,10,6,7,106,1,23,10.6,9.32,2,1.25,0.46,0,0,0,0,4,0,10,0,0,0,0,0,0,6,0,0,0,4,0,0,0,0,16,4,0,12,0,0,0,0,0,0,0,0,0,0,0,0,0,0,0,0,0,0
"xmltok_impl.c.xml",1602,4,4,4,114,1,49,7.13,12.86,1,1,0,0,0,0,0,0,0,3,0,1,0,0,0,0,4,0,0,2,10,0,0,0,0,2,0,0,2,0,0,0,0,0,0,0,0,0,0,0,0,0,0,0,0,0,0
"ffi__14.c.xml",463,6,6,5,68,1,9,2.96,2.55,1,1,0,0,0,1,0,0,1,5,0,1,0,0,0,0,2,2,0,0,18,0,0,0,1,7,1,1,5,3,0,0,2,0,1,1,0,0,0,0,0,0,0,0,0,0,0
"row.c.xml",185,0,0,0,0,0,0,0,0,0,0,0,0,0,0,0,0,0,0,0,0,0,0,0,0,0,0,0,0,0,0,0,0,0,0,0,0,0,0,0,0,0,0,0,0,0,0,0,0,0,0,0,0,0,0,0
"ffitarget__11.h.xml",13,1,1,1,8,8,8,8,0,1,1,0,0,0,0,0,0,0,1,0,0,0,0,0,0,1,0,0,0,0,0,0,0,0,1,0,0,1,0,0,0,0,0,0,0,0,0,0,0,0,0,0,0,0,0,0
"callbacks.c.xml",509,6,4,6,142,1,100,8.35,23.78,2,1.41,0.51,0,1,0,0,3,0,4,0,2,0,0,0,0,4,9,0,0,4,0,0,0,0,7,4,0,3,0,0,0,0,0,0,0,0,0,0,0,0,0,0,0,0,0,0
"prepare_protocol.h.xml",10,0,0,0,0,0,0,0,0,0,0,0,0,0,0,0,0,0,0,0,0,0,0,0,0,0,0,0,0,0,0,0,0,0,0,0,0,0,0,0,0,0,0,0,0,0,0,0,0,0,0,0,0,0,0,0
"resource.c.xml",258,24,22,22,42,0,8,1.68,1.86,2,1.05,0.21,0,0,0,0,3,0,24,0,0,0,0,0,0,1,24,0,0,0,0,0,0,0,12,5,0,7,0,0,0,0,0,0,0,0,0,0,0,0,0,0,0,0,0,0
"pyconfig__2.h.xml",128,5,5,4,4,0,1,0.8,0.45,1,1,0,0,0,0,0,0,0,5,0,0,0,0,0,0,5,0,0,0,0,0,0,0,0,4,0,0,4,0,0,0,0,0,0,0,0,0,0,0,0,0,0,0,0,0,0
"transmogrify.h.xml",252,3,3,1,17,1,2,1.55,0.52,1,1,0,0,0,0,0,0,0,1,1,1,0,0,0,0,1,0,0,0,10,0,0,0,0,2,0,0,2,0,0,0,0,0,0,0,0,0,0,0,0,0,0,0,0,0,0
"errcode.h.xml",23,1,1,1,2,1,1,1,0,1,1,0,0,0,0,0,0,0,1,0,0,0,0,0,0,1,1,0,0,0,0,0,0,0,0,0,0,0,0,0,0,0,0,0,0,0,0,0,0,0,0,0,0,0,0,0
"errnomodule.c.xml",755,266,224,182,224,0,1,0.84,0.37,2,1.19,0.39,0,0,0,0,42,0,266,0,0,0,0,0,0,1,265,0,0,0,0,0,0,0,126,42,0,84,0,0,0,0,0,0,0,0,0,0,0,0,0,0,0,0,0,0
"emu_jisx0213_2000.h.xml",8,1,1,1,1,1,1,1,0,1,1,0,0,0,0,0,0,0,1,0,0,0,0,0,0,1,0,0,0,0,0,0,0,0,1,0,0,1,0,0,0,0,0,0,0,0,0,0,0,0,0,0,0,0,0,0
"debug.c.xml",18,0,0,0,0,0,0,0,0,0,0,0,0,0,0,0,0,0,0,0,0,0,0,0,0,0,0,0,0,0,0,0,0,0,0,0,0,0,0,0,0,0,0,0,0,0,0,0,0,0,0,0,0,0,0,0
"parser.h.xml",30,2,2,2,3,1,1,1,0,1,1,0,0,0,0,0,0,0,2,0,0,0,0,0,0,1,1,0,1,0,0,0,0,0,0,0,0,0,0,0,0,0,0,0,0,0,0,0,0,0,0,0,0,0,0,0
"pythonrun.h.xml",121,3,3,5,4,1,1,1,0,1,1,0,0,1,0,0,1,0,3,0,0,0,0,0,0,1,3,0,0,0,0,0,0,0,4,3,0,1,1,0,0,0,1,0,0,0,0,0,0,0,0,0,0,0,0,0
"fficonfig__1.h.xml",12,1,1,1,1,1,1,1,0,1,1,0,0,0,0,0,0,0,1,0,0,0,0,0,0,1,0,0,0,0,0,0,0,0,0,0,0,0,0,0,0,0,0,0,0,0,0,0,0,0,0,0,0,0,0,0
"frozen.c.xml",19,0,0,0,0,0,0,0,0,0,0,0,0,0,0,0,0,0,0,0,0,0,0,0,0,0,0,0,0,0,0,0,0,0,0,0,0,0,0,0,0,0,0,0,0,0,0,0,0,0,0,0,0,0,0,0
"generrmap.c.xml",16,0,0,0,0,0,0,0,0,0,0,0,0,0,0,0,0,0,0,0,0,0,0,0,0,0,0,0,0,0,0,0,0,0,0,0,0,0,0,0,0,0,0,0,0,0,0,0,0,0,0,0,0,0,0,0
"_Foldermodule.c.xml",289,1,1,1,91,8,83,45.5,53.03,1,1,0,0,0,0,0,0,0,1,0,0,0,0,0,0,1,0,0,1,0,0,0,0,0,1,0,0,1,0,0,0,0,0,0,0,0,0,0,0,0,0,0,0,0,0,0
"dbmmodule.c.xml",348,6,4,5,8,1,2,1.33,0.52,2,1.5,0.71,0,1,0,0,5,0,6,0,0,0,0,0,0,6,0,0,0,0,0,0,0,0,18,9,0,9,0,0,0,0,0,0,0,0,0,0,0,0,0,0,0,0,0,0
"sre.h.xml",59,2,2,1,2,1,1,1,0,1,1,0,0,0,0,0,0,0,2,0,0,0,0,0,0,2,0,0,0,0,0,0,0,0,1,0,0,1,0,0,0,0,0,0,0,0,0,0,0,0,0,0,0,0,0,0
"eval.h.xml",16,1,1,1,2,1,1,1,0,1,1,0,0,0,0,0,0,0,1,0,0,0,0,0,0,1,1,0,0,0,0,0,0,0,0,0,0,0,0,0,0,0,0,0,0,0,0,0,0,0,0,0,0,0,0,0
"dlfcn.h.xml",37,3,3,3,14,1,7,3.5,3,1,1,0,0,0,0,0,0,0,3,0,0,0,0,0,0,1,3,0,0,0,0,0,0,0,1,0,0,1,2,0,2,0,0,0,0,0,0,0,0,0,0,0,0,0,0,0
"peephole.c.xml",471,0,0,0,0,0,0,0,0,0,0,0,0,0,0,0,0,0,0,0,0,0,0,0,0,0,0,0,0,0,0,0,0,0,0,0,0,0,0,0,0,0,0,0,0,0,0,0,0,0,0,0,0,0,0,0
"exceptions.c.xml",1475,4,4,5,585,1,411,41.79,111.56,1,1,0,0,3,0,0,1,0,4,0,0,0,0,0,0,5,8,0,1,0,0,0,0,0,2,2,0,0,1,0,0,0,1,0,0,0,0,0,0,0,0,0,0,0,0,0
"symtablemodule.c.xml",74,0,0,0,0,0,0,0,0,0,0,0,0,0,0,0,0,0,0,0,0,0,0,0,0,0,0,0,0,0,0,0,0,0,0,0,0,0,0,0,0,0,0,0,0,0,0,0,0,0,0,0,0,0,0,0
"dictobject.c.xml",1887,5,5,5,38,1,11,2.53,3,1,1,0,0,0,0,0,0,0,4,0,1,0,0,0,0,4,3,0,0,8,0,0,0,0,1,0,0,1,0,0,0,0,0,0,0,0,0,0,0,0,0,0,0,0,0,0
"minigzip.c.xml",228,11,11,14,43,1,22,3.07,5.51,1,1,0,1,1,0,2,1,0,11,0,0,0,0,0,0,13,1,0,0,0,0,0,0,0,14,2,6,6,0,0,0,0,0,2,0,0,0,0,0,0,0,0,0,0,0,0
"_testcapimodule.c.xml",745,3,3,3,184,1,53,13.14,20.34,1,1,0,0,0,0,0,0,0,3,0,0,0,0,0,0,5,1,1,5,0,0,1,1,0,0,0,0,0,0,0,0,0,0,0,0,0,0,0,0,0,0,0,0,0,0,0
"FUNCTIONS",374160,7836,3969,,100098,0,20273,,,8,1.18,0.21,116,213,44,82,3916,260,7724,44,68,,,,,2274,5879,65,786,861,31,37,75,32,14039,5293,547,8199,624,94,31,77,174,52,248,11,5,3,1,1,1,0,0,1,0,1
"ALL - MERGED",,6563,2884,5127,100098,0,20273,9.97,220.58,,,,,,,77,3720,230,6218,234,111,4.08,110.6,2.67,1.09,,,,,,,,,,,,,,,,,,,,,,,,,,,,,,,
